id,title,subtitle,tags,created_at,updated_at,obtained_date,SMILES,mol_ratio,wt_ratio,Mw,Mn,MwMn,Polymn_deg,Structure,melting_temp,Tg,reference,special_memo
14,1208_1_2,,,2022-03-16 02:41:31,2022-03-16 02:42:14,,O=S(=O)([N-]S(=O)(=O)C(F)(F)C(F)(F)C(F)(F)C(F)(F)F)C(F)(F)F,,,,,1.0,1.0,,,,,TBTFSI-\n
15,1208_1_SI,,,2022-03-16 02:41:31,2022-03-16 02:41:31,,[Mg]Oc1ccc(c2ccc([Mg])cc2)cc1.[Mg]Oc1c(C(F)(C(F)(OC(F)(C(F)(S(=O)([N-]S(=O)(C(F)(F)F)=O)=O)F)F)F)F)cc(c2cc(C(F)(C(F)(OC(F)(C(F)(S(=O)([N-]S(=O)(C(F)(F)F)=O)=O)F)F)F)F)c(Oc3ccc(S(=O)(c4ccc([Mg])cc4)=O)cc3)cc2)cc1.[Mg]Oc1c(F)c(F)c(c2c(F)c(F)c([Mg])c(F)c2F)c(F)c1F.[Mg]Oc1c(F)c(F)c(c2c(F)c(F)c(Oc3ccc(S(=O)(c4ccc([Mg])cc4)=O)cc3)c(F)c2F)c(F)c1F,1/37/1/27,,,,,8.0,block_block,,,,SI\n
16,1208_2_H,,,2022-03-16 02:41:31,2022-03-16 02:41:31,,O=C1C(O)C(O)C(=O)N1CC([Mg])C[Mg],,,,,,,,,,,High molecular weight dopant\n
17,1208_2_L,,,2022-03-16 02:41:31,2022-03-16 02:41:31,,O=C1C(O)C(O)C(=O)N1CC([Mg])C[Mg],,,,,,,,,,,Low molecular weight dopant\n
18,1208_3_bib,,,2022-03-16 02:41:31,2022-03-16 02:41:31,,CCCCn2c[n+](CCCC)c1C(=O)O[B-]3(OC(=O)c12)OC(=O)c4c(C(=O)O3)[n+](CCCC)cn4CCCC,,,,,1.0,1.0,,,,,LiBIB\n
19,1208_3_bob,,,2022-03-16 02:41:31,2022-03-16 02:41:31,,O=C1O[B-]2(OC1=O)OC(=O)C(=O)O2,,,,,1.0,1.0,,,,,LiBOB\nmp>300
20,1208_4_N1222FSI,,,2022-03-16 02:41:31,2022-03-16 02:41:31,,CC[N+](C)(CC)CC.O=S(=O)(F)[N-]S(=O)(=O)F,,,,,1.0,1.0,,,,,"N1222FSI\nMW400,000-500,000"
21,1208_4_P111i4FSI,,,2022-03-16 02:41:31,2022-03-16 02:41:31,,CC(C)C[P+](C)(C)C.O=S(=O)(F)[N-]S(=O)(=O)F,,,,,1.0,1.0,,,,,1208_4_P111i4FSI\n
22,1208_4_PIL,,,2022-03-16 02:41:31,2022-03-16 02:41:31,,C[N+]1(C)CC(C[Mg])C(C[Mg])C1.O=S(=O)([N-]S(=O)(=O)C(F)(F)F)C(F)(F)F,,,500000.0,,,,,,,,"PDADMANTf2\nsynthesized from SiAl 409030 according to ref. 6, J. Power Sources, 2009, 188(2), 558-563"
23,1208_6_C2mpyrFSI,,,2022-03-16 02:41:31,2022-03-16 02:41:31,,CC[N+]1(C)CCCC1.O=S(=O)(F)[N-]S(=O)(=O)F,,,,,1.0,1.0,,,,,C2mpyrFSI\n
24,1208_6_C4mpyrFSI,,,2022-03-16 02:41:31,2022-03-16 02:41:31,,CCCC[N+]1(C)CCCC1.O=S(=O)(F)[N-]S(=O)(=O)F,,,,,1.0,1.0,,,,,C4mpyrFSI\n
25,1208_6_P111i4FSI,,,2022-03-16 02:41:31,2022-03-16 02:41:31,,CC(C)C[P+](C)(C)C.O=S(=O)(F)[N-]S(=O)(=O)F,,,,,1.0,1.0,,,,,1208_4_P111i4FSI\n
26,1208_6_PDADMAFSI,,,2022-03-16 02:41:31,2022-03-16 02:41:31,,C[N+]1(C)CC(C[Mg])C(C[Mg])C1.O=S(=O)(F)[N-]S(=O)(=O)F,,,,,,,,,,,PDADMAFSI\n
27,1208_9_ED2003,,,2022-03-16 02:41:31,2022-03-16 02:41:31,,CC(N)C[Mg].CC([Mg])CO[Mg].[Mg]CCO[Mg].CC([Mg])CO[Mg].N[Mg],1/3/39/3/1,,1900.0,,,,random,,,,ED2003\n
28,1208_9_PAEG,,,2022-03-16 02:41:31,2022-03-16 02:41:31,,C[Si](C)(C)O[Mg].CCO[Si](CCC[Si](C)([Mg])CO[Mg])(OCC)O[Si](CCCOCC(O)CN[Mg])(OC)OC.CC([Mg])CO[Mg].[Mg]CCO[Mg].CC([Mg])CO[Mg].CO[Si](CCCOCC(O)CNC(C)C[Mg])(OC)OC.C[Si](C)(C)[Mg],1/38/114/1482/114/38/1,,,,,,comb,,,,PAEG\n
29,1208nedo1_Amy_MeO_NCO,,,2022-03-16 02:41:31,2022-03-16 02:41:31,,[H][C@]3([Mg])[C@@H](COC(=O)Nc1c(OC)cccc1OC)O[C@@]([H])(O[Mg])[C@H](OC(=O)Nc2c(OC)cccc2OC)[C@H]3OC(=O)Nc4c(OC)cccc4OC,,,,,,,,,,,1208nedo1_Amy_MeO_NCO\n
34,1208nedo1_PVA_MeO_NCO,,,2022-03-16 02:41:31,2022-03-16 02:41:31,,COc1cccc(OC)c1NC(=O)OC([Mg])C[Mg],,,,,,,,,,,1208nedo1_PVA_MeO_NCO\n
30,1208nedo1_ester_26MeO,,,2022-03-16 02:41:31,2022-03-16 02:41:31,,COc1cccc(OC)c1OC(=O)c2ccc(C([Mg])C[Mg])cc2,,,,,,,,,,,1208nedo1_ester_26MeO\n
31,1208nedo1_ester_2MeO,,,2022-03-16 02:41:31,2022-03-16 02:41:31,,COc1ccccc1OC(=O)c2ccc(C([Mg])C[Mg])cc2,,,,,,,,,,,1208nedo1_ester_2MeO\n
32,1208nedo1_peo,,,2022-03-16 02:41:31,2022-03-16 02:41:31,,[Mg]OCC[Mg],,,,,,,,,,,1208nedo1_peo\n
33,1208nedo1_polyGlu(dma),,,2022-03-16 02:41:31,2022-03-16 02:41:31,,COc1cccc(OC)c1NC(=O)CCC(C(=O)[Mg])N(C)[Mg],,,,,,,,,,,1208nedo1_polyGlu(dma)\n
35,1208nedo1_thioamide_26MeO,,,2022-03-16 02:41:31,2022-03-16 02:41:31,,COc1cccc(OC)c1NC(=S)c2ccc(C([Mg])C[Mg])cc2,,,,,,,,,,,1208nedo1_thioamide_26MeO\n
36,1208nedo1_thioamide_2MeO,,,2022-03-16 02:41:31,2022-03-16 02:41:31,,COc1ccccc1NC(=S)c2ccc(C([Mg])C[Mg])cc2,,,,,,,,,,,1208nedo1_thioamide_2MeO\n
37,1208nedo1_thioamide_2MeS,,,2022-03-16 02:41:31,2022-03-16 02:41:31,,CSc1ccccc1NC(=S)c2ccc(C([Mg])C[Mg])cc2,,,,,,,,,,,1208nedo1_thioamide_2MeS\n
38,1208nedo2_26(OEtOEt),,,2022-03-16 02:41:31,2022-03-16 02:41:31,,CCOCCOc1cccc(OCCOCC)c1NC(=O)c2ccc(C([Mg])C[Mg])cc2,,,,,,,,,,,1208nedo2_26(OEtOEt)\n
40,1208nedo3_PBCD,,,2022-03-16 02:41:31,2022-03-16 02:41:31,,Cc3cc(C)c(B2OC1C([Mg])C(CO[Si](C)(C)C(C)(C)C)OC(O[Mg])C1O2)c(C)c3,,,,,,8.0,,,,,1208nedo3_PBCD\nsee fig3
39,1208nedo3_fig9IL,,,2022-03-16 02:41:31,2022-03-16 02:41:31,,CC[N+](C=C1)=CN1CCCOC(C(C[Mg])[Mg])=O.FC(F)(S(=O)([N-]S(=O)(C(F)(F)F)=O)=O)F,1/1,,,,,,,,,,1208nedo3_fig9IL\n
41,1208nedo3_poly(mdmb),,,2022-03-16 02:41:31,2022-03-16 02:41:31,,Cc1cc(C)c(B([Mg])[Mg])c(C)c1,,,,,,,,,,,1208nedo3_poly(mdmb)\n
42,1208nedo3_poly(tmb),,,2022-03-16 02:41:31,2022-03-16 02:41:31,,[Mg]B([Mg])[Mg],,,,,,,,,,,1208nedo3_poly(tmb)\n
43,1208nedo3_poly(tmos),,,2022-03-16 02:41:31,2022-03-16 02:41:31,,O[Si]([Mg])(O[Mg])O[Mg],,,,,,,,,,,1208nedo3_poly(tmos)\n
6,12s,,,2022-03-16 02:41:31,2022-03-16 02:41:31,,CC1=CC(C)=CC(C)=C1B(CCC[Mg])C[Mg].[Mg]OCC[Mg],1/4,,,,,,block,,,,PEO3+borane\n
7,13s,,,2022-03-16 02:41:31,2022-03-16 02:41:31,,CC1=CC(C)=CC(C)=C1B(CCC[Mg])C[Mg].[Mg]OCC[Mg],1/5,,,,,,block,,,,PEO4+borane\n
44,14851-1-1-1_PEG,,,2022-03-16 02:41:31,2022-03-16 02:41:31,,[Mg]OCC[Mg],,,10000.0,,,,,,,,PEG\n
8,14s,,,2022-03-16 02:41:31,2022-03-16 02:42:27,,[Mg]B(C1=C(C=C(C=C1C)C)C)[Mg].[Mg]OCC[Mg],1/5,,,,,,block,,,,PEO4+borane2\n
9,15s,,,2022-03-16 02:41:31,2022-03-16 02:41:31,,O=C(OCC)C1=CC=CC=C1C(OCC)=O,,,,,1.0,1.0,,,,,dioxyphthalate（Diethyl Phthalate？\n
10,16s,,,2022-03-16 02:41:31,2022-03-16 02:41:31,,[Mg]OCC[Mg].[Mg]CC(C)(C(OCC[Ca])=O)[Mg],5/1,,,,,,comb,,,,PPEGMA\n
1,1s,a,,2022-03-16 02:25:22,2022-03-16 02:41:31,,[Mg]OCC[Mg],,,600000.0,,,13621.0,,,,,PEO600000\n
152,2-MeTHF,,,2022-03-16 02:41:31,2022-03-16 02:41:31,,CC1CCCO1,,,,,1.0,1.0,,,,,2-MeTHF\n
46,20190319_3_salt1,,,2022-03-16 02:41:31,2022-03-16 02:41:31,,O=S(C(F)(F)C1=CC=CC=C1)([N-]S(=O)(C(F)(F)F)=O)=O,,,,,1.0,1.0,,,,,20190319_3_salt1\n
47,20190319_3_salt2,,,2022-03-16 02:41:31,2022-03-16 02:41:31,,O=S([N-]S(=O)(C(F)(F)F)=O)(C(F)(F)C(F)(F)C1=CC=CC=C1)=O,,,,,1.0,1.0,,,,,20190319_3_salt2\n
48,20190319_4_BEP,,,2022-03-16 02:41:31,2022-03-16 02:41:31,,[Ca]B([Ca])[Ca].[Mg]CCO[Mg],1/18,,,,1.0,1.0,,,,,20190319_4_BEP\n
49,20190319_4_DL1,,,2022-03-16 02:41:31,2022-03-16 02:41:31,,O=S(C1=CC(S(=O)([N-]S(=O)(C(F)(F)F)=O)=O)=CC=C1)([N-]S(=O)(C(F)(F)F)=O)=O,,,,,1.0,1.0,,,,,20190319_4_DL1\n
50,20190319_5_LiTPSM,,,2022-03-16 02:41:31,2022-03-16 02:41:31,,FC(F)(C(F)(OC(F)(C(F)(S(=O)([N-]S(=O)(C(F)(F)F)=O)=O)F)F)F)F,,,,,1.0,1.0,,,,,0\n
51,20190319_5_LiTPSN,,,2022-03-16 02:41:31,2022-03-16 02:41:31,,FC(F)(C(F)(OC(F)(C(F)(S(=O)([O-])=O)F)F)F)F,,,,,1.0,1.0,,,,,0\n
52,20190319_5_NPC,,,2022-03-16 02:41:31,2022-03-16 02:41:31,,[Mg]OCC[Mg].[Ca]CCOCC(CO[Ca])=C,44/1,,73470.0,26740.0,,,crosslinked,,,,0\n
53,20190319_5_POE,,,2022-03-16 02:41:31,2022-03-16 02:41:31,,[Mg]OCC[Mg],,,300000.0,,,,,,,,0\n
54,20190319_5_salt1,,,2022-03-16 02:41:31,2022-03-16 02:41:31,,FC(F)(C(F)(S([O-])(=O)=O)F)SC1=CC=C(OC/C=C/COCCOC)C=C1,,,,,1.0,1.0,,,,,0\n
55,20190319_5_salt2n1,,,2022-03-16 02:41:31,2022-03-16 02:41:31,,[Mg]OCC[Mg].[Ca]OC1=CC=C(SC(F)(C(F)(S([O-])(=O)=O)F)F)C=C1,1/1,,,,1.0,1.0,,,,,0\n
56,20190319_5_salt2n16,,,2022-03-16 02:41:31,2022-03-16 02:41:31,,[Mg]OCC[Mg].[Ca]OC1=CC=C(SC(F)(C(F)(S([O-])(=O)=O)F)F)C=C1,16/1,,,,1.0,1.0,,,,,0\n
57,20190319_5_salt2n3,,,2022-03-16 02:41:31,2022-03-16 02:41:31,,[Mg]OCC[Mg].[Ca]OC1=CC=C(SC(F)(C(F)(S([O-])(=O)=O)F)F)C=C1,3/1,,,,1.0,1.0,,,,,0\n
58,20190319_5_salt2n7,,,2022-03-16 02:41:31,2022-03-16 02:41:31,,[Mg]OCC[Mg].[Ca]OC1=CC=C(SC(F)(C(F)(S([O-])(=O)=O)F)F)C=C1,7/1,,,,1.0,1.0,,,,,0\n
59,20190319_5_salt3n1,,,2022-03-16 02:41:31,2022-03-16 02:41:31,,FC(F)(C(F)(OC(F)(C(F)(S(=O)([O-])=O)F)F)F)CC(I)COCCOC,,,,,1.0,1.0,,,,,0\n
60,20190319_5_salt4n1,,,2022-03-16 02:41:31,2022-03-16 02:41:31,,[Mg]OCC[Mg].FC(F)(C(F)(OC(F)(C(F)(S(=O)([O-])=O)F)F)F)CCCO[Ca],1/1,,,,1.0,1.0,,,,,0\n
61,20190319_5_salt4n3,,,2022-03-16 02:41:31,2022-03-16 02:41:31,,[Mg]OCC[Mg].FC(F)(C(F)(OC(F)(C(F)(S(=O)([O-])=O)F)F)F)CCCO[Ca],3/1,,,,1.0,1.0,,,,,0\n
62,20190319_5_salt5n3,,,2022-03-16 02:41:31,2022-03-16 02:41:31,,[Mg]OCC[Mg].FC(F)(C(F)(OC(F)(C(F)(S(=O)([N-]S(=O)(C(F)(F)F)=O)=O)F)F)F)CCCO[Ca],3/1,,,,1.0,1.0,,,,,0\n
63,20190319_6_PEO,,,2022-03-16 02:41:31,2022-03-16 02:41:31,,[Mg]OCC[Mg],,,300000.0,,,,,,,,PEO\n
66,20190321_sc10_PAA,,,2022-03-16 02:41:31,2022-03-16 02:41:31,,[Mg]CC(CN)[Mg].Cl,1/1,,20000.0,12000.0,,,,,,,20190321_sc10_PAA\n
67,20190321_sc10_PEO,,,2022-03-16 02:41:31,2022-03-16 02:41:31,,[Mg]CCO[Mg],,,4000000.0,,,,,,,,20190321_sc10_PEO\n
68,20190321_sc11_MIM,,,2022-03-16 02:41:31,2022-03-16 02:41:31,,[Mg]CC(C1=CC=C(C(C)(C)C)C=C1)[Mg].[Mg]CC[Mg].[Mg]CC(C)[Mg].[Mg]CC(C1=CC=C(C[N+]2(C)CCCC2)C=C1)[Mg].FC(F)(F)S([N-]S(=O)(C(F)(F)F)=O)(=O)=O,0.2059/0.4813/0.3208/0.135/0.135,,,,,1143.0,co,,,,20190321_sc11_MIM\n
69,20190321_sc11_Mpyr,,,2022-03-16 02:41:31,2022-03-16 02:41:31,,[Mg]CC(C1=CC=C(C(C)(C)C)C=C1)[Mg].[Mg]CC[Mg].[Mg]CC(C)[Mg].[Mg]CC(C1=CC=C(C[N+]2(C)CCCC2)C=C1)[Mg].FC(F)(F)S([N-]S(=O)(C(F)(F)F)=O)(=O)=O,0.2059/0.4813/0.3208/0.135/0.135,,,,,1143.0,co,,,,20190321_sc11_Mpyr\n
70,20190321_sc12_exPTHF,,,2022-03-16 02:41:31,2022-03-16 02:41:31,,[Mg]CCCCO[Mg],,,1800.0,,,,,,,,20190321_sc12_exPTHF\n
64,20190321_sc1_IL,,,2022-03-16 02:41:31,2022-03-16 02:41:31,,C[N+](CC)(C)CC.O=S([N-]S(=O)(F)=O)(F)=O,,,,,1.0,1.0,,,,,20190321_sc1_IL\n
65,20190321_sc1_PIL,,,2022-03-16 02:41:31,2022-03-16 02:41:31,,[Mg]CC1C[N+](C)(C)CC1C[Mg].O=S([N-]S(=O)(C(F)(F)F)=O)(C(F)(F)F)=O,,,,,,2140.0,,,,,20190321_sc1_PIL\n
71,20190321_sc4,,,2022-03-16 02:41:31,2022-03-16 02:41:31,,[Mg]=CC(C(C1=O)C2C(N1[Ca])=O)OC2C=[Mg].[Mg]OCC[Mg],1/12,,,,,300.0,,,,,20190321_sc4\n
72,20190321_sc5,,,2022-03-16 02:41:31,2022-03-16 02:41:31,,[Mg]C1=CC=C(N=C([Mg])[N-]2)C2=C1.CCB(CC)CC,1/1,,,,,20.0,,,,,20190321_sc5\n
73,20190321_sc5_bmimtfsi,,,2022-03-16 02:41:31,2022-03-16 02:41:31,,C[N+](C=C1)=CN1CCCC.O=S([N-]S(=O)(C(F)(F)F)=O)(C(F)(F)F)=O,1/1,,,,1.0,1.0,,,,,20190321_sc5_bmimtfsi\n
74,20190321_sc6_LiDTFSI,,,2022-03-16 02:41:31,2022-03-16 02:41:31,,O=S([N-]S(=O)(C(F)(F)[H])=O)(C([H])(F)F)=O,,,,,1.0,1.0,,,,,20190321_sc6_LiDTFSI\n
75,20190321_sc6_LiMSI,,,2022-03-16 02:41:31,2022-03-16 02:41:31,,O=S([N-]S(=O)(C([H])([H])[H])=O)(C([H])([H])[H])=O,,,,,1.0,1.0,,,,,20190321_sc6_LiMSI\n
76,20190321_sc6_LiMTFSI,,,2022-03-16 02:41:31,2022-03-16 02:41:31,,O=S([N-]S(=O)(C(F)([H])[H])=O)(C([H])([H])F)=O,,,,,1.0,1.0,,,,,20190321_sc6_LiMTFSI\n
77,20190321_sc6_PEO,,,2022-03-16 02:41:31,2022-03-16 02:41:31,,[Mg]OCC[Mg],,,5000000.0,,,,,,,,20190321_sc6_PEO\n
78,20190321_sc7,,,2022-03-16 02:41:31,2022-03-16 02:41:31,,[Mg]CC(COCCCSCCCS(=O)([O-])=O)O[Mg],,,,,,87.0,,,,,20190321_sc7\n
79,20190321_sc8,,,2022-03-16 02:41:31,2022-03-16 02:41:31,,[Mg]OCCCCCC([Mg])=O,,,,50000.0,,,,,,,20190321_sc8\n
80,20190323_4_pol,,,2022-03-16 02:41:31,2022-03-16 02:41:31,,[Mg]CC1C(C[Mg])C[N+](C)(C)C1.O=S([N-]S(C(F)(F)F)(=O)=O)(C(F)(F)F)=O,,,,,,2785.0,,,,,20190323_4_pol\n
90,20190325_12,,,2022-03-16 02:41:31,2022-03-16 02:41:31,,O=C(OCC(COC(CS[Mg])=O)(COC(CS[Mg])=O)COC(CS[Mg])=O)CS[Mg].[Mg]CCC1C(O[B-](OC(C2C[Mg])=O)(OC2=O)OC1=O)=O,1/4,,,,,,crosslinked,,,,20190325_12\n
91,20190325_13_PEGBC,,,2022-03-16 02:41:31,2022-03-16 02:41:31,,OCCOC(NCCCOCCOCCOCCCNC(CCO)=O)=O,,,,,1.0,1.0,,,,,20190325_13_PEGBC\n
92,20190325_13_PEGBCDMA,,,2022-03-16 02:41:31,2022-03-16 02:41:31,,O=C(NCCCOCCOCCOCCCNC(CCOC(C([Mg])(C[Mg])C)=O)=O)OCCOC(C(C[Mg])([Mg])C)=O,,,,,,,crosslinked,,,,20190325_13_PEGBCDMA\n
81,20190325_1_1,,,2022-03-16 02:41:31,2022-03-16 02:41:31,,[Mg]CC(C1=CC=C(S([N-]S(C(F)(F)F)(=O)=O)(=O)=O)C=C1)[Mg].O=S(CCCN1C=C[N+](C([Mg])C[Mg])=C1)([O-])=O.[Mg]CCO[Mg].[Mg]CC(C(O[Ca])=O)(C)[Mg],,2.96184947128343/2.03815052871657/53.378/11.622,,,,,,,,,20190325_1_1\n
82,20190325_1_2,,,2022-03-16 02:41:31,2022-03-16 02:41:31,,[Mg]CC(C1=CC=C(S([N-]S(C(F)(F)F)(=O)=O)(=O)=O)C=C1)[Mg].O=S(CCCN1C=C[N+](C([Mg])C[Mg])=C1)([O-])=O.[Mg]CCO[Mg].[Mg]CC(C(O[Ca])=O)(C)[Mg],,5.92369894256687/4.07630105743313/49.272/10.728,,,,,crosslinked,,,,20190325_1_2\n
83,20190325_1_3,,,2022-03-16 02:41:31,2022-03-16 02:41:31,,[Mg]CC(C1=CC=C(S([N-]S(C(F)(F)F)(=O)=O)(=O)=O)C=C1)[Mg].O=S(CCCN1C=C[N+](C([Mg])C[Mg])=C1)([O-])=O.[Mg]CCO[Mg].[Mg]CC(C(O[Ca])=O)(C)[Mg],,11.8473978851337/8.15260211486627/41.06/8.94,,,,,,,,,20190325_1_3\n
84,20190325_1_4,,,2022-03-16 02:41:31,2022-03-16 02:41:31,,[Mg]CC(C1=CC=C(S([N-]S(C(F)(F)F)(=O)=O)(=O)=O)C=C1)[Mg].O=S(CCCN1C=C[N+](C([Mg])C[Mg])=C1)([O-])=O.[Mg]CCO[Mg].[Mg]CC(C(O[Ca])=O)(C)[Mg],,2.96184947128343/2.03815052871657/45.166/9.834,,,,,,,,,20190325_1_4\n
85,20190325_1_5,,,2022-03-16 02:41:31,2022-03-16 02:41:31,,[Mg]CC(C1=CC=C(S([N-]S(C(F)(F)F)(=O)=O)(=O)=O)C=C1)[Mg].O=S(CCCN1C=C[N+](C([Mg])C[Mg])=C1)([O-])=O.[Mg]CCO[Mg].[Mg]CC(C(O[Ca])=O)(C)[Mg],,5.92369894256687/4.07630105743313/41.06/8.94,,,,,,,,,20190325_1_5\n
86,20190325_1_6,,,2022-03-16 02:41:31,2022-03-16 02:41:31,,[Mg]CC(C1=CC=C(S([N-]S(C(F)(F)F)(=O)=O)(=O)=O)C=C1)[Mg].O=S(CCCN1C=C[N+](C([Mg])C[Mg])=C1)([O-])=O.[Mg]CCO[Mg].[Mg]CC(C(O[Ca])=O)(C)[Mg],,8.8855484138503/6.1144515861497/36.954/8.046,,,,,,,,,20190325_1_6\n
87,20190325_1_7,,,2022-03-16 02:41:31,2022-03-16 02:41:31,,[Mg]CC(C1=CC=C(S([N-]S(C(F)(F)F)(=O)=O)(=O)=O)C=C1)[Mg].O=S(CCCN1C=C[N+](C([Mg])C[Mg])=C1)([O-])=O.[Mg]CCO[Mg].[Mg]CC(C(O[Ca])=O)(C)[Mg],,2.96184947128343/2.03815052871657/36.954/8.046,,,,,,,,,20190325_1_7\n
88,20190325_1_8,,,2022-03-16 02:41:31,2022-03-16 02:41:31,,[Mg]CC(C1=CC=C(S([N-]S(C(F)(F)F)(=O)=O)(=O)=O)C=C1)[Mg].O=S(CCCN1C=C[N+](C([Mg])C[Mg])=C1)([O-])=O.[Mg]CCO[Mg].[Mg]CC(C(O[Ca])=O)(C)[Mg],,5.92369894256687/4.07630105743313/32.848/7.15199999999999,,,,,,,,,20190325_1_8\n
89,20190325_1_9,,,2022-03-16 02:41:31,2022-03-16 02:41:31,,[Mg]CC(C1=CC=C(S([N-]S(C(F)(F)F)(=O)=O)(=O)=O)C=C1)[Mg].O=S(CCCN1C=C[N+](C([Mg])C[Mg])=C1)([O-])=O.[Mg]CCO[Mg].[Mg]CC(C(O[Ca])=O)(C)[Mg],,8.8855484138503/6.1144515861497/28.742/6.258,,,,,,,,,20190325_1_9\n
93,20190325_7_il,,,2022-03-16 02:41:31,2022-03-16 02:41:31,,C[N+]1(CCCC1)CCCC.O=S([N-]S(=O)(F)=O)(F)=O,,,,,1.0,1.0,,,,,20190325_7_il\n
94,20190325_7_peo,,,2022-03-16 02:41:31,2022-03-16 02:41:31,,[Mg]OCC[Mg],,,1000000.0,,,,,,,,20190325_7_peo\n
107,20190326_10_DBP,,,2022-03-16 02:41:31,2022-03-16 02:41:31,,O=C(OCCCC)C1=C(C(CCCC)=O)C=CC=C1,,,,,1.0,1.0,,,,,20190326_10_DBP\n
108,20190326_10_DOA,,,2022-03-16 02:41:31,2022-03-16 02:41:31,,O=C(OCCCCCCCC)CCCCC(OCCCCCCCC)=O,,,,,1.0,1.0,,,,,20190326_10_DOA\n
109,20190326_10_PVC,,,2022-03-16 02:41:31,2022-03-16 02:41:31,,[Mg]CC(Cl)[Mg],,,,,,1000.0,,,,,20190326_10_PVC\n
110,20190326_13_PVDF,,,2022-03-16 02:41:31,2022-03-16 02:41:31,,FC([Mg])(C[Mg])F,,,275000.0,,,,,,,,20190326_13_PVDF\n
95,20190326_1_P_LiMEGnB_14,,,2022-03-16 02:41:31,2022-03-16 02:41:31,,O=C(O[B-](O1)([Mg])O[Mg])CC1=O.[Mg]CCO[Mg],1/14,,,,,,block_block,,,,20190326_1_P_LiMEGnB_14\n
96,20190326_1_P_LiMEGnB_23,,,2022-03-16 02:41:31,2022-03-16 02:41:31,,O=C(O[B-](O1)([Mg])O[Mg])CC1=O.[Mg]CCO[Mg],1/23,,,,,,block_block,,,,20190326_1_P_LiMEGnB_23\n
97,20190326_1_P_LiMEGnB_5,,,2022-03-16 02:41:31,2022-03-16 02:41:31,,O=C(O[B-](O1)([Mg])O[Mg])CC1=O.[Mg]CCO[Mg],1/5,,,,,,block_block,,,,20190326_1_P_LiMEGnB_5\n
98,20190326_1_P_LiMEGnB_9,,,2022-03-16 02:41:31,2022-03-16 02:41:31,,O=C(O[B-](O1)([Mg])O[Mg])CC1=O.[Mg]CCO[Mg],1/9,,,,,,block_block,,,,20190326_1_P_LiMEGnB_9\n
99,20190326_1_P_LiOEGnB__14,,,2022-03-16 02:41:31,2022-03-16 02:41:31,,O=C1O[B-](OC1=O)([Mg])O[Mg].[Mg]CCO[Mg],1/14,,,,,,block_block,,,,20190326_1_P_LiOEGnB__14\n
100,20190326_1_P_LiOEGnB__23,,,2022-03-16 02:41:31,2022-03-16 02:41:31,,O=C1O[B-](OC1=O)([Mg])O[Mg].[Mg]CCO[Mg],1/23,,,,,,block_block,,,,20190326_1_P_LiOEGnB__23\n
101,20190326_1_P_LiOEGnB__3,,,2022-03-16 02:41:31,2022-03-16 02:42:33,,O=C1O[B-](OC1=O)([Mg])O[Mg].[Mg]CCO[Mg],1/3,,,,,,block_block,,,,20190326_1_P_LiOEGnB__3\n
102,20190326_1_P_LiOEGnB__5,,,2022-03-16 02:41:31,2022-03-16 02:41:31,,O=C1O[B-](OC1=O)([Mg])O[Mg].[Mg]CCO[Mg],1/5,,,,,,block_block,,,,20190326_1_P_LiOEGnB__5\n
103,20190326_1_P_LiOEGnB__9,,,2022-03-16 02:41:31,2022-03-16 02:41:31,,O=C1O[B-](OC1=O)([Mg])O[Mg].[Mg]CCO[Mg],1/9,,,,,,block_block,,,,20190326_1_P_LiOEGnB__9\n
104,20190326_1_P_LiOPGnB_13,,,2022-03-16 02:41:31,2022-03-16 02:41:31,,O=C1O[B-](OC1=O)([Mg])O[Mg].[Mg]CCO[Mg],1/13,,,,,,block_block,,,,20190326_1_P_LiOPGnB_13\n
105,20190326_1_P_LiOPGnB_17,,,2022-03-16 02:41:31,2022-03-16 02:41:31,,O=C1O[B-](OC1=O)([Mg])O[Mg].[Mg]CCO[Mg],1/17,,,,,,block_block,,,,20190326_1_P_LiOPGnB_17\n
106,20190326_1_P_LiOPGnB_7,,,2022-03-16 02:41:31,2022-03-16 02:41:31,,O=C1O[B-](OC1=O)([Mg])O[Mg].[Mg]CCO[Mg],1/7,,,,,,block_block,,,,20190326_1_P_LiOPGnB_7\n
111,20190326_2_LiBCPEG_14,,,2022-03-16 02:41:31,2022-03-16 02:41:31,,[Mg][P-]12(OC3=C(C=CC=C3)O2)(O[Mg])OC4=C(C=CC=C4)O1.[Mg]CCO[Mg],1/14,,,,,,block_block,,,,20190326_2_LiBCPEG_14\n
112,20190326_2_LiBOPEG_14,,,2022-03-16 02:41:31,2022-03-16 02:41:31,,[Mg][P-](OC1=O)(OC1=O)(OC2=O)(OC2=O)O[Mg].[Mg]CCO[Mg],1/14,,,,,,block_block,,,,20190326_2_LiBOPEG_14\n
113,20190326_2_LiBOPEG_3,,,2022-03-16 02:41:31,2022-03-16 02:41:31,,[Mg][P-](OC1=O)(OC1=O)(OC2=O)(OC2=O)O[Mg].[Mg]CCO[Mg],1/3,,,,,,block_block,,,,20190326_2_LiBOPEG_3\n
114,20190326_2_LiBOPEG_5,,,2022-03-16 02:41:31,2022-03-16 02:41:31,,[Mg][P-](OC1=O)(OC1=O)(OC2=O)(OC2=O)O[Mg].[Mg]CCO[Mg],1/5,,,,,,block_block,,,,20190326_2_LiBOPEG_5\n
115,20190326_2_LiBOPEG_9,,,2022-03-16 02:41:31,2022-03-16 02:41:31,,[Mg][P-](OC1=O)(OC1=O)(OC2=O)(OC2=O)O[Mg].[Mg]CCO[Mg],1/9,,,,,,block_block,,,,20190326_2_LiBOPEG_9\n
116,20190326_2_LiBOPPG_13,,,2022-03-16 02:41:31,2022-03-16 02:41:31,,[Mg][P-](OC1=O)(OC1=O)(OC2=O)(OC2=O)O[Mg].[Mg]CC(C)O[Mg],1/13,,,,,,block_block,,,,20190326_2_LiBOPPG_13\n
117,20190326_2_LiBOPPG_17,,,2022-03-16 02:41:31,2022-03-16 02:41:31,,[Mg][P-](OC1=O)(OC1=O)(OC2=O)(OC2=O)O[Mg].[Mg]CC(C)O[Mg],1/17,,,,,,block_block,,,,20190326_2_LiBOPPG_17\n
118,20190326_2_LiBOPPG_7,,,2022-03-16 02:41:31,2022-03-16 02:41:31,,[Mg][P-](OC1=O)(OC1=O)(OC2=O)(OC2=O)O[Mg].[Mg]CC(C)O[Mg],1/7,,,,,,block_block,,,,20190326_2_LiBOPPG_7\n
119,20190326_3_LiPSBC,,,2022-03-16 02:41:31,2022-03-16 02:41:31,,[Mg][Si]([H])(CCCOCC(O1)COC1=O)O[Mg].[Mg][Si]([H])(CCC2=CC=C([B-](C3=CC=CC=C3)(C4=CC=CC=C4)C5=CC=CC=C5)C=C2)O[Mg],,,,,,30.0,random,,,,20190326_3_LiPSBC\n
120,20190326_3_LiPSBC_PSC,,,2022-03-16 02:41:31,2022-03-16 02:41:31,,[Mg][Si]([H])(CCCOCC(O1)COC1=O)O[Mg],,,,,,30.0,,,,,20190326_3_LiPSBC_PSC\n
121,20190326_3_PEG,,,2022-03-16 02:41:31,2022-03-16 02:41:31,,[Mg]CCO[Mg],,,600.0,,,,,,,,20190326_3_PEG\n
122,20190326_4_FA_DE,,,2022-03-16 02:41:31,2022-03-16 02:41:31,,[Mg][Al-](OC1=CC=CO1)(SCCOCCS[Mg])OC2=CC=CO2,,,,,,,,,,,20190326_4_FA_DE\n
123,20190326_4_FA_DS,,,2022-03-16 02:41:31,2022-03-16 02:41:31,,[Mg][Al-](OC1=CC=CO1)(SCCSCCS[Mg])OC2=CC=CO2,,,,,,,,,,,20190326_4_FA_DS\n
124,20190326_4_FA_ES,,,2022-03-16 02:41:31,2022-03-16 02:41:31,,[Mg][Al-](OC1=CC=CO1)(SCCS[Mg])OC2=CC=CO2,,,,,,,,,,,20190326_4_FA_ES\n
125,20190326_4_FA_OEG1,,,2022-03-16 02:41:31,2022-03-16 02:41:31,,[Mg][Al-](OC1=CC=CO1)(O[Mg])OC2=CC=CO2.[Mg]CCO[Mg],1/1,,,,,,block_block,,,,20190326_4_FA_OEG1\n
126,20190326_4_FA_OEG2,,,2022-03-16 02:41:31,2022-03-16 02:41:31,,[Mg][Al-](OC1=CC=CO1)(O[Mg])OC2=CC=CO2.[Mg]CCO[Mg],1/2,,,,,,block_block,,,,20190326_4_FA_OEG2\n
127,20190326_4_FA_OEG3,,,2022-03-16 02:41:31,2022-03-16 02:41:31,,[Mg][Al-](OC1=CC=CO1)(O[Mg])OC2=CC=CO2.[Mg]CCO[Mg],1/3,,,,,,block_block,,,,20190326_4_FA_OEG3\n
128,20190326_4_FA_OEG4,,,2022-03-16 02:41:31,2022-03-16 02:41:31,,[Mg][Al-](OC1=CC=CO1)(O[Mg])OC2=CC=CO2.[Mg]CCO[Mg],1/4.1,,,,,,block_block,,,,20190326_4_FA_OEG4\n
129,20190326_4_FA_OEG6,,,2022-03-16 02:41:31,2022-03-16 02:41:31,,[Mg][Al-](OC1=CC=CO1)(O[Mg])OC2=CC=CO2.[Mg]CCO[Mg],1/6.4,,,,,,block_block,,,,20190326_4_FA_OEG6\n
130,20190326_4_FA_OEG9,,,2022-03-16 02:41:31,2022-03-16 02:41:31,,[Mg][Al-](OC1=CC=CO1)(O[Mg])OC2=CC=CO2.[Mg]CCO[Mg],1/8.7,,,,,,block_block,,,,20190326_4_FA_OEG9\n
131,20190326_4_FM_DE,,,2022-03-16 02:41:31,2022-03-16 02:41:31,,[Mg][Al-](SC1=CC=CO1)(SCCOCCS[Mg])SC2=CC=CO2,,,,,,,,,,,20190326_4_FM_DE\n
132,20190326_4_FM_DS,,,2022-03-16 02:41:31,2022-03-16 02:41:31,,[Mg][Al-](SC1=CC=CO1)(SCCSCCS[Mg])SC2=CC=CO2,,,,,,,,,,,20190326_4_FM_DS\n
133,20190326_4_FM_ES,,,2022-03-16 02:41:31,2022-03-16 02:41:31,,[Mg][Al-](SC1=CC=CO1)(SCCS[Mg])SC2=CC=CO2,,,,,,,,,,,20190326_4_FM_ES\n
134,20190326_4_FM_OEG13,,,2022-03-16 02:41:31,2022-03-16 02:41:31,,[Mg][Al-](SC1=CC=CO1)(O[Mg])SC2=CC=CO2.[Mg]CCO[Mg],1/13.2,,,,,,block_block,,,,20190326_4_FM_OEG13\n
135,20190326_4_FM_OEG2,,,2022-03-16 02:41:31,2022-03-16 02:41:31,,[Mg][Al-](SC1=CC=CO1)(O[Mg])SC2=CC=CO2.[Mg]CCO[Mg],1/2,,,,,,block_block,,,,20190326_4_FM_OEG2\n
136,20190326_4_FM_OEG22,,,2022-03-16 02:41:31,2022-03-16 02:41:31,,[Mg][Al-](SC1=CC=CO1)(O[Mg])SC2=CC=CO2.[Mg]CCO[Mg],1/22.3,,,,,,block_block,,,,20190326_4_FM_OEG22\n
137,20190326_4_FM_OEG3,,,2022-03-16 02:41:31,2022-03-16 02:41:31,,[Mg][Al-](SC1=CC=CO1)(O[Mg])SC2=CC=CO2.[Mg]CCO[Mg],1/3,,,,,,block_block,,,,20190326_4_FM_OEG3\n
138,20190326_4_FM_OEG35,,,2022-03-16 02:41:31,2022-03-16 02:41:31,,[Mg][Al-](SC1=CC=CO1)(O[Mg])SC2=CC=CO2.[Mg]CCO[Mg],1/34.6,,,,,,block_block,,,,20190326_4_FM_OEG35\n
139,20190326_4_FM_OEG4,,,2022-03-16 02:41:31,2022-03-16 02:41:31,,[Mg][Al-](SC1=CC=CO1)(O[Mg])SC2=CC=CO2.[Mg]CCO[Mg],1/4.1,,,,,,block_block,,,,20190326_4_FM_OEG4\n
140,20190326_4_FM_OEG6,,,2022-03-16 02:41:31,2022-03-16 02:41:31,,[Mg][Al-](SC1=CC=CO1)(O[Mg])SC2=CC=CO2.[Mg]CCO[Mg],1/6.4,,,,,,block_block,,,,20190326_4_FM_OEG6\n
141,20190326_4_FM_OEG9,,,2022-03-16 02:41:31,2022-03-16 02:41:31,,[Mg][Al-](SC1=CC=CO1)(O[Mg])SC2=CC=CO2.[Mg]CCO[Mg],1/8.7,,,,,,block_block,,,,20190326_4_FM_OEG9\n
142,20190326_4_OGM12_DE,,,2022-03-16 02:41:31,2022-03-16 02:41:31,,[Mg][Al-](O[Ca])(SCCOCCS[Mg])O[Ca].[Mg]CCO[Mg],1/24.2,,,,,,block_block,,,,20190326_4_OGM12_DE\n
143,20190326_4_OGM2_DE,,,2022-03-16 02:41:31,2022-03-16 02:41:31,,[Mg][Al-](O[Ca])(SCCOCCS[Mg])O[Ca].[Mg]CCO[Mg],1/4,,,,,,block_block,,,,20190326_4_OGM2_DE\n
144,20190326_4_OGM3_DE,,,2022-03-16 02:41:31,2022-03-16 02:41:31,,[Mg][Al-](O[Ca])(SCCOCCS[Mg])O[Ca].[Mg]CCO[Mg],1/6,,,,,,block_block,,,,20190326_4_OGM3_DE\n
145,20190326_4_OGM7_DE,,,2022-03-16 02:41:31,2022-03-16 02:41:31,,[Mg][Al-](O[Ca])(SCCOCCS[Mg])O[Ca].[Mg]CCO[Mg],1/14.4,,,,,,block_block,,,,20190326_4_OGM7_DE\n
146,20190326_5_BP,,,2022-03-16 02:41:31,2022-03-16 02:41:31,,[Mg]OB1OB(O[Mg])OB(O[Mg])O1.[Mg]CCO[Mg],1/27,,,,,,block_block_crosslinked,,,,20190326_5_BP\n
147,20190326_9_MEEP,,,2022-03-16 02:41:31,2022-03-16 02:41:31,,[Mg]P(OCCOCCOC)(OCCOCCOC)=N[Mg],,,,,,,,,,,20190326_9_MEEP\n
148,20190326_9_PAN,,,2022-03-16 02:41:31,2022-03-16 02:41:31,,[Mg]CC(C#N)[Mg],,,,,,,,,,,20190326_9_PAN\n
149,20190326_9_PEO,,,2022-03-16 02:41:31,2022-03-16 02:41:31,,[Mg]CCO[Mg],,,,,,,,,,,20190326_9_PEO\n
150,20190326_9_PVP,,,2022-03-16 02:41:31,2022-03-16 02:41:31,,[Mg]CC(N1CCCC1=O)[Mg],,,,,,,,,,,20190326_9_PVP\n
151,22142-11-1-1,,,2022-03-16 02:41:31,2022-03-16 02:41:31,,[Mg]CC(C#N)[Mg],,,,,,,,,,,polyacrylonitrile\n
11,24s,,,2022-03-16 02:41:31,2022-03-16 02:41:31,,N#CCCC#N,,,,,1.0,1.0,,,,,SN\n
12,25s,,,2022-03-16 02:41:31,2022-03-16 02:41:31,,[Mg]OCC[Mg],,,,,,2271.0,,,,,peo1e5\n
45,2_Methyltrimethylene_sulfone,,,2022-03-16 02:41:31,2022-03-16 02:41:31,,CC1S(CC1)(=O)=O,,,,,1.0,1.0,,,,,2_Methyltrimethylene_sulfone\n
2,2s,a,,2022-03-16 02:25:22,2022-03-16 02:41:31,,[Mg]OCC[Mg],,,6000000.0,,,136209.0,,,,,PEO6000000\n
154,3-Me-2-Oxozolidinone,,,2022-03-16 02:41:31,2022-03-16 02:41:31,,O=C1OCCN1C,,,,,1.0,1.0,,,,,3-Me-2-Oxozolidinone\n
155,3-MeSulfolane,,,2022-03-16 02:41:31,2022-03-16 02:41:31,,O=S1(C(C)CCC1)=O,,,,,1.0,1.0,,,,,3-MeSulfolane\n
153,38319-8-1-1,,,2022-03-16 02:41:31,2022-03-16 02:41:31,,[Mg]CC(C#N)[Mg],,,150000.0,,,,,,,,polyacrylonitrile\n
3,3s,,,2022-03-16 02:41:31,2022-03-16 02:41:31,,[Mg]OCC[Mg],,,,,,100000.0,,,,,PEO\n
4,4s,,,2022-03-16 02:41:31,2022-03-16 02:41:31,,[Mg]OCC[Mg],,,5000000.0,,,113507.0,,,,,PEO5E+6\n
5,5s,,,2022-03-16 02:41:31,2022-03-16 02:41:31,,[Mg]OCC[Mg],,,5000000.0,4132231.404958678,1.21,113507.0,,,,,PEO5E+6\n
157,Acetonitrile,,,2022-03-16 02:41:31,2022-03-16 02:41:31,,CC#N,,,,,1.0,1.0,,,,,Acetonitrile\n
160,BBB,,,2022-03-16 02:41:31,2022-03-16 02:41:31,,C1(C=CC=C2)=C2O[B-]3(OC4=C(C=CC=C4)O3)O1,,,,,1.0,1.0,,,,,BBB\n
161,BBPB,,,2022-03-16 02:41:31,2022-03-16 02:41:31,,C12=CC=CC=C1C(C=CC=C3)=C3O[B-]4(O2)OC5=CC=CC=C5C(C=CC=C6)=C6O4,,,,,1.0,1.0,,,,,BBPB\n
163,BETI,,,2022-03-16 02:41:31,2022-03-16 02:41:31,,C(C(F)(F)S(=O)(=O)[N-]S(=O)(=O)C(C(F)(F)F)(F)F)(F)(F)F,,,,,1.0,1.0,,,,,BETI\nLithium bis(pentafluoroethanesulfonyl)imide
167,BF2_C2F5_2,,,2022-03-16 02:41:31,2022-03-16 02:41:31,,F[B-](F)(C(F)(C(F)(F)F)F)C(F)(C(F)(F)F)F,,,,,1.0,1.0,,,,,BF2_C2F5_2\n
168,BF2_SO2C2F5_2,,,2022-03-16 02:41:31,2022-03-16 02:41:31,,F[B-](F)(S(=O)(C(F)(F)C(F)(F)F)=O)S(=O)(C(F)(C(F)(F)F)F)=O,,,,,1.0,1.0,,,,,BF2_SO2C2F5_2\n
169,BF3_C2F5_,,,2022-03-16 02:41:31,2022-03-16 02:41:31,,F[B-](C(F)(C(F)(F)F)F)(F)F,,,,,1.0,1.0,,,,,BF3_C2F5_\n
170,BF3_SO2C2F5_,,,2022-03-16 02:41:31,2022-03-16 02:41:31,,F[B-](S(=O)(C(F)(F)C(F)(F)F)=O)(F)F,,,,,1.0,1.0,,,,,BF3_SO2C2F5_\n
164,BF_C2F5_3,,,2022-03-16 02:41:31,2022-03-16 02:41:31,,F[B-](C(C(F)(F)F)(F)F)(C(F)(C(F)(F)F)F)C(C(F)(F)F)(F)F,,,,,1.0,1.0,,,,,BF_C2F5_3\n
165,BF_C2F5_4,,,2022-03-16 02:41:31,2022-03-16 02:41:31,,FC(C(F)(F)F)([B-](C(C(F)(F)F)(F)F)(C(F)(F)C(F)(F)F)C(F)(F)C(F)(F)F)F,,,,,1.0,1.0,,,,,BF_C2F5_4\n
166,BF_SO2C2F5_3,,,2022-03-16 02:41:31,2022-03-16 02:41:31,,F[B-](S(=O)(C(C(F)(F)F)(F)F)=O)(S(=O)(C(F)(F)C(F)(F)F)=O)S(=O)(C(F)(C(F)(F)F)F)=O,,,,,1.0,1.0,,,,,BF_SO2C2F5_3\n
173,BMIMTDI,,,2022-03-16 02:41:31,2022-03-16 02:41:31,,FC(F)(C1=NC(C#N)=C([N-]1)C#N)F.CCCCN2C=C[N+](C)=C2,,,,,1.0,1.0,,,,,BMIMTDI\n
174,BNB,,,2022-03-16 02:41:31,2022-03-16 02:41:31,,C12=C(O[B-]3(O2)OC4=C(O3)C=C5C(C=CC=C5)=C4)C=C(C=CC=C6)C6=C1,,,,,1.0,1.0,,,,,BNB\n
175,BSB,,,2022-03-16 02:41:31,2022-03-16 02:41:31,,O=C1O[B-]2(OC(C3=C(O2)C=CC=C3)=O)OC4=C1C=CC=C4,,,,,1.0,1.0,,,,,BSB\n
158,B_C6H3_3_5__CF3_2_4,,,2022-03-16 02:41:31,2022-03-16 02:41:31,,FC(F)(F)C1=CC([B-](C2=CC(C(F)(F)F)=CC(C(F)(F)F)=C2)(C3=CC(C(F)(F)F)=CC(C(F)(F)F)=C3)C4=CC(C(F)(F)F)=CC(C(F)(F)F)=C4)=CC(C(F)(F)F)=C1,,,,,1.0,1.0,,,,,B_C6H3_3_5__CF3_2_4\n
159,B_SO2C2F5_4,,,2022-03-16 02:41:31,2022-03-16 02:41:31,,O=S(C(F)(F)C(F)(F)F)([B-](S(=O)(C(F)(C(F)(F)F)F)=O)(S(=O)(C(C(F)(F)F)(F)F)=O)S(=O)(C(F)(F)C(F)(F)F)=O)=O,,,,,1.0,1.0,,,,,B_SO2C2F5_4\n
162,Benzene,,,2022-03-16 02:41:31,2022-03-16 02:41:31,,C1=CC=CC=C1,,,,,1.0,1.0,,,,,Benzene\n
186,C2H5SO2C5H9,,,2022-03-16 02:41:31,2022-03-16 02:41:31,,O=S(CC)(C1CCCC1)=O,,,,,1.0,1.0,,,,,C2H5SO2C5H9\n
187,C2H5SO2C6H11,,,2022-03-16 02:41:31,2022-03-16 02:41:31,,O=S(CC)(C1CCCCC1)=O,,,,,1.0,1.0,,,,,C2H5SO2C6H11\n
188,C2H5SO2CH2C6H11,,,2022-03-16 02:41:31,2022-03-16 02:41:31,,O=S(CC)(CC1CCCCC1)=O,,,,,1.0,1.0,,,,,C2H5SO2CH2C6H11\n
195,C6H6LiO3S,,,2022-03-16 02:41:31,2022-03-16 02:41:31,,O=S(C1=CC=CC=C1)([O-])=O,,,,,1.0,1.0,,,,,C6H6LiO3S\n
198,CH2ClCOOLi,,,2022-03-16 02:41:31,2022-03-16 02:41:31,,[O-]C(CCl)=O,,,,,1.0,1.0,,,,,CH2ClCOOLi\nvalue for lithium  acetate
201,CH3OCH2CH2SO2C2H5,,,2022-03-16 02:41:31,2022-03-16 02:41:31,,O=S(CCOC)(CC)=O,,,,,1.0,1.0,,,,,CH3OCH2CH2SO2C2H5\n
202,CH3OCH2CH2SO2CH3,,,2022-03-16 02:41:31,2022-03-16 02:41:31,,O=S(CCOC)(C)=O,,,,,1.0,1.0,,,,,CH3OCH2CH2SO2CH3\n
203,CH3SO2C5H9,,,2022-03-16 02:41:31,2022-03-16 02:41:31,,CS(=O)(C1CCCC1)=O,,,,,1.0,1.0,,,,,CH3SO2C5H9\n
204,CH3SO2CH2C5H9,,,2022-03-16 02:41:31,2022-03-16 02:41:31,,CS(=O)(CC1CCCC1)=O,,,,,1.0,1.0,,,,,CH3SO2CH2C5H9\n
199,CH3_OCH2CH2_2SO2C2H5,,,2022-03-16 02:41:31,2022-03-16 02:41:31,,O=S(CCOCCOC)(CC)=O,,,,,1.0,1.0,,,,,CH3_OCH2CH2_2SO2C2H5\n
200,CH3_OCH2CH2_3SO2C2H5,,,2022-03-16 02:41:31,2022-03-16 02:41:31,,O=S(CCOCCOCCOC)(CC)=O,,,,,1.0,1.0,,,,,CH3_OCH2CH2_3SO2C2H5\n
205,CO2CF3,,,2022-03-16 02:41:31,2022-03-16 02:41:31,,FC(F)(C([O-])=O)F,,,,,1.0,1.0,,,,,CO2CF3\n
176,C_SO2C4F9__CN_2,,,2022-03-16 02:41:31,2022-03-16 02:41:31,,O=S([C-](C#N)C#N)(C(F)(F)C(F)(C(F)(C(F)(F)F)F)F)=O,,,,,1.0,1.0,,,,,C_SO2C4F9__CN_2\n
178,C_SO2CF3_3,,,2022-03-16 02:41:31,2022-03-16 02:41:31,,O=S([C-](S(=O)(C(F)(F)F)=O)S(=O)(C(F)(F)F)=O)(C(F)(F)F)=O,,,,,1.0,1.0,,,,,C_SO2CF3_3\n
177,C_SO2CF3__CN_2,,,2022-03-16 02:41:31,2022-03-16 02:41:31,,O=S([C-](C#N)C#N)(C(F)(F)F)=O,,,,,1.0,1.0,,,,,C_SO2CF3__CN_2\n
179,C_SO2OCH2CF3_3,,,2022-03-16 02:41:31,2022-03-16 02:41:31,,O=S([C-](S(=O)(C(C(F)(F)F)(F)F)=O)S(=O)(C(C(F)(F)F)(F)F)=O)(C(F)(C(F)(F)F)F)=O,,,,,1.0,1.0,,,,,C_SO2OCH2CF3_3\n
206,Cumene,,,2022-03-16 02:41:31,2022-03-16 02:41:31,,CC(C)C1=CC=CC=C1,,,,,1.0,1.0,,,,,Cumene\n
207,DCTA,,,2022-03-16 02:41:31,2022-03-16 02:41:31,,N#CC(N=N[N-]1)=C1C#N,,,,,1.0,1.0,,,,,DCTA\n
208,DEC,,,2022-03-16 02:41:31,2022-03-16 02:41:31,,CCOC(=O)OCC,,,,,1.0,1.0,,,,,diethyl carbonate\n
209,DEE,,,2022-03-16 02:41:31,2022-03-16 02:41:31,,CCOCCOCC,,,,,1.0,1.0,,,,,DEE\n
210,DFDEC,,,2022-03-16 02:41:31,2022-03-16 02:41:31,,O=C(OCC(F)F)OCC,,,,,1.0,1.0,,,,,DFDEC\n
211,DFDMC,,,2022-03-16 02:41:31,2022-03-16 02:41:31,,O=C(OCF)OCF,,,,,1.0,1.0,,,,,DFDMC\n
212,DFEMC,,,2022-03-16 02:41:31,2022-03-16 02:41:31,,COC(OCC(F)F)=O,,,,,1.0,1.0,,,,,DFEMC\n
213,DFEME,,,2022-03-16 02:41:31,2022-03-16 02:41:31,,COCCOC(F)F,,,,,1.0,1.0,,,,,DFEME\n
215,DMC,,,2022-03-16 02:41:31,2022-03-16 02:41:31,,COC(OC)=O,,,,,1.0,1.0,,,,,DMC\n
216,DME,,,2022-03-16 02:41:31,2022-03-16 02:41:31,,COC,,,,,1.0,1.0,,,,,DME\n
217,DMF,,,2022-03-16 02:41:31,2022-03-16 02:41:31,,O=C(NC)C,,,,,1.0,1.0,,,,,DMF\n
218,DMM,,,2022-03-16 02:41:31,2022-03-16 02:41:31,,COCOC,,,,,1.0,1.0,,,,,DMM\n
214,Diglyme,,,2022-03-16 02:41:31,2022-03-16 02:41:31,,COCCOCCOC,,,,,1.0,1.0,,,,,Diglyme\n
219,EC,,,2022-03-16 02:41:31,2022-03-16 02:41:31,,O=C1OCCO1,,,,,1.0,1.0,,,,,ethylene carbonate\n
220,ED4CN,,,2022-03-16 02:41:31,2022-03-16 02:41:31,,N#CCCN(CCC#N)CCN(CCC#N)CCC#N,,,,,1.0,1.0,,,,,ED4CN\n
221,EDFEE,,,2022-03-16 02:41:31,2022-03-16 02:41:31,,CCOCCOC(F)F,,,,,1.0,1.0,,,,,EDFEE\n
222,EFEE,,,2022-03-16 02:41:31,2022-03-16 02:41:31,,CCOCCOCF,,,,,1.0,1.0,,,,,EFEE\n
223,EMC,,,2022-03-16 02:41:31,2022-03-16 02:41:31,,CCOC(OC)=O,,,,,1.0,1.0,,,,,EMC\n
224,EME,,,2022-03-16 02:41:31,2022-03-16 02:41:31,,COCCOCC,,,,,1.0,1.0,,,,,EME\n
227,EMIMBF4,,,2022-03-16 02:41:31,2022-03-16 02:41:31,,CCN1C=C[N+](C)=C1.F[B-](F)(F)F,,,,,1.0,1.0,,,,,EMIMBF4\n
228,EMSO2,,,2022-03-16 02:41:31,2022-03-16 02:41:31,,CCS(=O)(C)=O,,,,,1.0,1.0,,,,,EMSO2\n
229,ETFEE,,,2022-03-16 02:41:31,2022-03-16 02:41:31,,CCOCCOC(F)(F)F,,,,,1.0,1.0,,,,,ETFEE\n
230,Ethyl_iso_butyl_sulfone,,,2022-03-16 02:41:31,2022-03-16 02:41:31,,CCS(=O)(CC(C)C)=O,,,,,1.0,1.0,,,,,Ethyl_iso_butyl_sulfone\n
231,Ethyl_iso_propyl_sulfone,,,2022-03-16 02:41:31,2022-03-16 02:41:31,,CCS(=O)(C(C)C)=O,,,,,1.0,1.0,,,,,Ethyl_iso_propyl_sulfone\n
232,Ethyl_sec_butyl_sulfone,,,2022-03-16 02:41:31,2022-03-16 02:41:31,,CCS(=O)(C(C)CC)=O,,,,,1.0,1.0,,,,,Ethyl_sec_butyl_sulfone\n
233,Ethylbenzene,,,2022-03-16 02:41:31,2022-03-16 02:41:31,,c1ccccc1CC,,,,,1.0,1.0,,,,,Ethylbenzene\n
234,Ethyldiglyme,,,2022-03-16 02:41:31,2022-03-16 02:41:31,,CCOCCOCCOCC,,,,,1.0,1.0,,,,,Ethyldiglyme\n
235,Ethylmonoglyme,,,2022-03-16 02:41:31,2022-03-16 02:41:31,,CCOCCOCC,,,,,1.0,1.0,,,,,Ethylmonoglyme\n
237,FDEC,,,2022-03-16 02:41:31,2022-03-16 02:41:31,,O=C(OCCF)OCC,,,,,1.0,1.0,,,,,FDEC\n
238,FDMC,,,2022-03-16 02:41:31,2022-03-16 02:41:31,,COC(OCF)=O,,,,,1.0,1.0,,,,,FDMC\n
239,FEC,,,2022-03-16 02:41:31,2022-03-16 02:41:31,,O=C1OCC(F)O1,,,,,1.0,1.0,,,,,FEC\n
240,FEMC,,,2022-03-16 02:41:31,2022-03-16 02:41:31,,COC(OCCF)=O,,,,,1.0,1.0,,,,,FEMC\n
241,FEME,,,2022-03-16 02:41:31,2022-03-16 02:41:31,,COCCOCF,,,,,1.0,1.0,,,,,FEME\n
242,FPC,,,2022-03-16 02:41:31,2022-03-16 02:41:31,,O=C1OCC(CF)O1,,,,,1.0,1.0,,,,,FPC\n
236,F_t_BC,,,2022-03-16 02:41:31,2022-03-16 02:41:31,,O=C1OC(C)C(CF)O1,,,,,1.0,1.0,,,,,F_t_BC\n
243,FreonII,,,2022-03-16 02:41:31,2022-03-16 02:41:31,,FC(Cl)(Cl)Cl,,,,,1.0,1.0,,,,,FreonII\n
254,Li2S,,,2022-03-16 02:41:31,2022-03-16 02:41:31,,[S-2],,,,,1.0,1.0,,,,,Li2S\n
255,LiAlCl4,,,2022-03-16 02:41:31,2022-03-16 02:41:31,,Cl[Al-](Cl)(Cl)Cl,,,,,1.0,1.0,,,,,LiAlCl4\n
256,LiAsF6,,,2022-03-16 02:41:31,2022-03-16 02:41:31,,F[As-](F)(F)(F)(F)F,,,,,1.0,1.0,,,,,LiAsF6\n
259,LiBETI,,,2022-03-16 02:41:31,2022-03-16 02:41:31,,O=S(C(C(F)(F)F)(F)F)([N-]S(C(F)(F)C(F)(F)F)(=O)=O)=O,,,,,1.0,1.0,,,,,LiBETI\n
262,LiBF2_CF3_2,,,2022-03-16 02:41:31,2022-03-16 02:41:31,,F[B-](C(F)(F)F)(F)C(F)(F)F,,,,,1.0,1.0,,,,,LiBF2_CF3_2\n
263,LiBF2_SO2CF3_2,,,2022-03-16 02:41:31,2022-03-16 02:41:31,,O=S([B-](F)(S(=O)(C(F)(F)F)=O)F)(C(F)(F)F)=O,,,,,1.0,1.0,,,,,LiBF2_SO2CF3_2\n
264,LiBF3_CF3_,,,2022-03-16 02:41:31,2022-03-16 02:41:31,,F[B-](C(F)(F)F)(F)F,,,,,1.0,1.0,,,,,LiBF3_CF3_\n
265,LiBF3_SO2CF3_,,,2022-03-16 02:41:31,2022-03-16 02:41:31,,F[B-](F)(F)S(=O)(C(F)(F)F)=O,,,,,1.0,1.0,,,,,LiBF3_SO2CF3_\n
266,LiBF4,,,2022-03-16 02:41:31,2022-03-16 02:41:31,,F[B-](F)(F)F,,,,,1.0,1.0,,,,,LiBF4\n
260,LiBF_CF3_3,,,2022-03-16 02:41:31,2022-03-16 02:41:31,,F[B-](C(F)(F)F)(C(F)(F)F)C(F)(F)F,,,,,1.0,1.0,,,,,LiBF_CF3_3\n
261,LiBF_SO2CF3_3,,,2022-03-16 02:41:31,2022-03-16 02:41:31,,O=S([B-](S(=O)(C(F)(F)F)=O)(S(=O)(C(F)(F)F)=O)F)(C(F)(F)F)=O,,,,,1.0,1.0,,,,,LiBF_SO2CF3_3\n
267,LiBOB,,,2022-03-16 02:41:31,2022-03-16 02:41:31,,O=C1O[B-]2(OC1=O)OC(=O)C(=O)O2,,,,,1.0,1.0,,,,,LiBOB\nmp>300
257,LiB_CF3_4,,,2022-03-16 02:41:31,2022-03-16 02:41:31,,FC(F)(F)[B-](C(F)(F)F)(C(F)(F)F)C(F)(F)F,,,,,1.0,1.0,,,,,LiB_CF3_4\n
258,LiB_SO2CF3_4,,,2022-03-16 02:41:31,2022-03-16 02:41:31,,O=S([B-](S(=O)(C(F)(F)F)=O)(S(=O)(C(F)(F)F)=O)S(=O)(C(F)(F)F)=O)(C(F)(F)F)=O,,,,,1.0,1.0,,,,,LiB_SO2CF3_4\n
268,LiBr,,,2022-03-16 02:41:31,2022-03-16 02:41:31,,[Br-],,,,,1.0,1.0,,,,,LiBr\n
269,LiCF3SO3,,,2022-03-16 02:41:31,2022-03-16 02:41:31,,O=S(C(F)(F)F)([O-])=O,,,,,1.0,1.0,,,,,LiCF3SO3\n
270,LiCH3COO,,,2022-03-16 02:41:31,2022-03-16 02:41:31,,CC([O-])=O,,,,,1.0,1.0,,,,,LiCH3COO\n
271,LiCH3SO3,,,2022-03-16 02:41:31,2022-03-16 02:41:31,,CS([O-])(=O)=O,,,,,1.0,1.0,,,,,LiCH3SO3\n
272,LiClO4,,,2022-03-16 02:41:31,2022-03-16 02:41:31,,O=Cl(=O)([O-])=O,,,,,1.0,1.0,,,,,LiClO4\n
273,LiDFOB,,,2022-03-16 02:41:31,2022-03-16 02:41:31,,F[B-](OC1=O)(F)OC1=O,,,,,1.0,1.0,,,,,LiDFOB\n
274,LiFSI,,,2022-03-16 02:41:31,2022-03-16 02:41:31,,O=S(=O)(F)[N-]S(=O)(=O)F,,,,,1.0,1.0,,,,,LiFSI\n
275,LiI,,,2022-03-16 02:41:31,2022-03-16 02:41:31,,[I-],,,,,1.0,1.0,,,,,LiI\n
276,LiNO3,,,2022-03-16 02:41:31,2022-03-16 02:41:31,,[O-][N+]([O-])=O,,,,,1.0,1.0,,,,,LiNO3\n
277,LiPAA,,,2022-03-16 02:41:31,2022-03-16 02:41:31,,O=C([O-])C([Mg])C[Mg],,,100000.0,,,,,,,,poly(acrylic acid) lithium salt\nsial
278,LiPF6,,,2022-03-16 02:41:31,2022-03-16 02:41:31,,F[P-](F)(F)(F)(F)F,,,,,1.0,1.0,,,,,LiPF6\n
279,LiSbF6,,,2022-03-16 02:41:31,2022-03-16 02:41:31,,F[Sb-](F)(F)(F)(F)F,,,,,1.0,1.0,,,,,LiSbF6\n
280,LiTDI,,,2022-03-16 02:41:31,2022-03-16 02:41:31,,FC(C1=NC(C#N)=C([N-]1)C#N)(F)F,,,,,1.0,1.0,,,,,LiTDI\n
281,LiTFSI,,,2022-03-16 02:41:31,2022-03-16 02:41:31,,O=S(C(F)(F)F)([N-]S(C(F)(F)F)(=O)=O)=O,,,,,1.0,1.0,,,,,LiTFSI\n
283,M10,,,2022-03-16 02:41:31,2022-03-16 02:41:31,,[Mg]OCC[Mg].[Mg]CC[Mg],5/1,,,,1.3,5.0,block_block,,,,C2EO5\n
284,M11,,,2022-03-16 02:41:31,2022-03-16 02:41:31,,[Mg]OCC[Mg].[Mg]CC[Mg],4/1,,,,1.5,4.0,block_block,,,,C2EO4\n
285,M12,,,2022-03-16 02:41:31,2022-03-16 02:41:31,,[Mg]OCC[Mg].[Mg]CC[Mg],5/2,,,,1.4,5.0,block_block,,,,C4EO5\n
286,M13,,,2022-03-16 02:41:31,2022-03-16 02:41:31,,[Mg]OCC[Mg].[Mg]CC[Mg],4/2,,,,1.6,4.0,block_block,,,,C4EO4\n
287,M14,,,2022-03-16 02:41:31,2022-03-16 02:41:31,,[Mg]OCC[Mg].[Mg]CC[Mg],5/3,,,,1.8,5.0,block_block,,,,C6EO5\n
288,M15,,,2022-03-16 02:41:31,2022-03-16 02:41:31,,[Mg]OCC[Mg].[Mg]CC[Mg],4/3,,,,1.8,4.0,block_block,,,,C6EO4\n
289,M6,,,2022-03-16 02:41:31,2022-03-16 02:41:31,,[Ca]OCC(CCC1=CN(CCCS(=O)([N-]S(=O)(C(F)(F)F)=O)=O)N=N1)=O.[Mg]C(CC[Mg])(C)CC(CC[Ca])=O.[Mg]OCC[Mg],1/1/10,,,,1.2,1.0,comb,,,,poly(PEOMA-TFSI-Li+)\n
290,M7,,,2022-03-16 02:41:31,2022-03-16 02:41:31,,[Ca]OCC(CCC1=CN(CCCS(=O)([N-]S(=O)(C(F)(F)F)=O)=O)N=N1)=O.[Mg]C(CC[Mg])(C)CC(CC[Ca])=O.[Mg]OCC[Mg],1/1/10,,,,1.3,7.0,comb,,,,poly(PEOMA-TFSI-Li+)\n
291,M8,,,2022-03-16 02:41:31,2022-03-16 02:41:31,,[Ca]OCC(CCC1=CN(CCCS(=O)([N-]S(=O)(C(F)(F)F)=O)=O)N=N1)=O.[Mg]C(CC[Mg])(C)CC(CC[Ca])=O.[Mg]OCC[Mg],1/1/10,,,,1.4,14.0,comb,,,,poly(PEOMA-TFSI-Li+)\n
292,M9,,,2022-03-16 02:41:31,2022-03-16 02:41:31,,[Ca]OCC(CCC1=CN(CCCS(=O)([N-]S(=O)(C(F)(F)F)=O)=O)N=N1)=O.[Mg]C(CC[Mg])(C)CC(CC[Ca])=O.[Mg]OCC[Mg],1/1/10,,,,1.4,30.0,comb,,,,poly(PEOMA-TFSI-Li+)\n
293,MethyleneChloride,,,2022-03-16 02:41:31,2022-03-16 02:41:31,,ClCCl,,,,,1.0,1.0,,,,,MethyleneChloride\n
323,NMP,,,2022-03-16 02:41:32,2022-03-16 02:41:32,,CN1C(CCC1)=O,,,,,1.0,1.0,,,,,NMP\n
295,N_COCF3_2,,,2022-03-16 02:41:31,2022-03-16 02:41:31,,O=C(C(F)(F)F)[N-]C(C(F)(F)F)=O,,,,,1.0,1.0,,,,,N_COCF3_2\n
297,N_SO2C2F5_2,,,2022-03-16 02:41:31,2022-03-16 02:41:31,,O=S([N-]S(=O)(C(F)(C(F)(F)F)F)=O)(C(F)(C(F)(F)F)F)=O,,,,,1.0,1.0,,,,,N_SO2C2F5_2\n
296,N_SO2C2F5__SO2C4F9_,,,2022-03-16 02:41:31,2022-03-16 02:41:31,,O=S([N-]S(=O)(C(F)(C(F)(C(F)(F)F)F)F)=O)(C(F)(C(F)(F)F)F)=O,,,,,1.0,1.0,,,,,N_SO2C2F5__SO2C4F9_\n
298,N_SO2C3F6SO2_,,,2022-03-16 02:41:31,2022-03-16 02:41:31,,FC1(F)C(F)(F)S([N-]S(C1(F)F)(=O)=O)(=O)=O,,,,,1.0,1.0,,,,,N_SO2C3F6SO2_\n
301,N_SO2C4F9_2,,,2022-03-16 02:41:31,2022-03-16 02:41:31,,O=S([N-]S(=O)(C(F)(C(F)(C(F)(F)F)F)F)=O)(C(F)(C(F)(F)C(F)(F)F)F)=O,,,,,1.0,1.0,,,,,N_SO2C4F9_2\n
299,N_SO2C4F9__CN_,,,2022-03-16 02:41:31,2022-03-16 02:41:31,,O=S([N-]C#N)(C(C(F)(C(C(F)(F)F)(F)F)F)(F)F)=O,,,,,1.0,1.0,,,,,N_SO2C4F9__CN_\n
300,N_SO2C4F9__SO2CF3_,,,2022-03-16 02:41:31,2022-03-16 02:41:31,,O=S([N-]S(=O)(C(F)(F)F)=O)(C(F)(C(F)(C(F)(C(F)(F)F)F)F)F)=O,,,,,1.0,1.0,,,,,N_SO2C4F9__SO2CF3_\n
305,N_SO2CF3_2,,,2022-03-16 02:41:31,2022-03-16 02:41:31,,O=S([N-]S(=O)(C(F)(F)F)=O)(C(F)(F)F)=O,,,,,1.0,1.0,,,,,N_SO2CF3_2\n
302,N_SO2CF3__C6F4SO2F_,,,2022-03-16 02:41:31,2022-03-16 02:41:31,,O=S([N-]S(=O)(C(F)(F)F)=O)(C1=C(F)C(F)=C(F)C(F)=C1F)=O,,,,,1.0,1.0,,,,,N_SO2CF3__C6F4SO2F_\n
303,N_SO2CF3__CN_,,,2022-03-16 02:41:31,2022-03-16 02:41:31,,O=S([N-]C#N)(C(F)(F)F)=O,,,,,1.0,1.0,,,,,N_SO2CF3__CN_\n
304,N_SO2CF3__SO2C8F17_,,,2022-03-16 02:41:31,2022-03-16 02:41:31,,O=S([N-]S(=O)(C(F)(F)F)=O)(C(F)(C(F)(C(F)(C(C(F)(C(F)(F)C(F)(C(F)(F)F)F)F)(F)F)F)F)F)=O,,,,,1.0,1.0,,,,,N_SO2CF3__SO2C8F17_\n
307,N_SO2OCH2CF2CF2H_2,,,2022-03-16 02:41:32,2022-03-16 02:41:32,,O=S([N-]S(=O)(C([H])(C(F)(C([H])(F)F)F)[H])=O)(C([H])(C(F)(F)C(F)([H])F)[H])=O,,,,,1.0,1.0,,,,,N_SO2OCH2CF2CF2H_2\n
308,N_SO2OCH2CF2CF3_2,,,2022-03-16 02:41:32,2022-03-16 02:41:32,,O=S([N-]S(=O)(C([H])(C([H])(C(F)(F)F)[H])[H])=O)(C([H])(C([H])([H])C(F)(F)F)[H])=O,,,,,1.0,1.0,,,,,N_SO2OCH2CF2CF3_2\n
309,N_SO2OCH2CF3_2,,,2022-03-16 02:41:32,2022-03-16 02:41:32,,O=S([N-]S(=O)(C([H])(C(F)(F)F)[H])=O)(C([H])(C(F)(F)F)[H])=O,,,,,1.0,1.0,,,,,N_SO2OCH2CF3_2\n
306,N_SO2OCH_CF3_2_2,,,2022-03-16 02:41:31,2022-03-16 02:41:31,,O=S([N-]S(=O)(C(C(F)(F)F)(C(F)(F)F)[H])=O)(C(C(F)(F)F)(C(F)(F)F)[H])=O,,,,,1.0,1.0,,,,,N_SO2OCH_CF3_2_2\n
325,P111i4FSI,,,2022-03-16 02:41:32,2022-03-16 02:41:32,,C[P+](C)(CC(C)C)C.FS([N-]S(F)(=O)=O)(=O)=O,,,,,1.0,1.0,,,,,P111i4FSI\n
326,P2S5,,,2022-03-16 02:41:32,2022-03-16 02:41:32,,S=P12SP3(=S)SP(=S)(S1)SP(=S)(S2)S3,,,,,1.0,1.0,,,,,P2S5\n
327,PAM,,,2022-03-16 02:41:32,2022-03-16 02:41:32,,NC(=O)C([Mg])C[Mg],,,6000000.0,,,,,,,,"poly(acrylamide)\nMW5,000,000-6,000,000"
328,PC,,,2022-03-16 02:41:32,2022-03-16 02:41:32,,CC1COC(=O)O1,,,,,1.0,1.0,,,,,propylene carbonate\n
329,PDI,,,2022-03-16 02:41:32,2022-03-16 02:41:32,,FC(F)(F)C(F)(F)C([N-]1)=NC(C#N)=C1C#N,,,,,1.0,1.0,,,,,PDI\n
330,PEC,,,2022-03-16 02:41:32,2022-03-16 02:41:32,,O=C(O[Mg])OCC[Mg],,,157000.0,,,,,,,,poly(ethylene carbonate)\nEmpower materials
332,PEO4e6,,,2022-03-16 02:41:32,2022-03-16 02:41:32,,[Mg]OCC[Mg],,,4000000.0,,,,,,,,PEO4e6\nDow chemical
333,PEO5E+6,,,2022-03-16 02:41:32,2022-03-16 02:41:32,,[Mg]OCC[Mg],,,5000000.0,,,113507.0,,,,,PEO5E+6\n
334,PFPE-diol,,,2022-03-16 02:41:32,2022-03-16 02:41:32,,OCC(F)(F)O[Mg]C(F)(F)C(F)(F)O[Mg].[Mg]C(F)(F)O[Mg]C(F)(F)CO,,,,1000.0,,,,,,,PFPE-diol\n
335,PO2_C2F5_2,,,2022-03-16 02:41:32,2022-03-16 02:41:32,,O=[P-](C(F)(C(F)(F)F)F)(C(C(F)(F)F)(F)F)=O,,,,,1.0,1.0,,,,,PO2_C2F5_2\n
349,PVDF-HFP,,,2022-03-16 02:41:32,2022-03-16 02:41:32,,FC(F)([Mg])C[Mg].FC(F)(F)C(F)([Mg])C(F)(F)[Mg],,,455000.0,110000.0,,,random,,,,PVDF-HFP\nsial 427179
346,Propylsulfone,,,2022-03-16 02:41:32,2022-03-16 02:41:32,,O=S(CCC)(CCC)=O,,,,,1.0,1.0,,,,,Propylsulfone\n
347,Pry13FSI,,,2022-03-16 02:41:32,2022-03-16 02:41:32,,C[N+]1(CCC)CCCC1.O=S([N-]S(=O)(F)=O)(F)=O,,,,,1.0,1.0,,,,,Pry13FSI\n
348,Pseudocumene,,,2022-03-16 02:41:32,2022-03-16 02:41:32,,CC1=C(C)C=C(C)C=C1,,,,,1.0,1.0,,,,,Pseudocumene\n
350,Pyr11O1FSI,,,2022-03-16 02:41:32,2022-03-16 02:41:32,,C[N+]1(COC)CCCC1.O=S([N-]S(=O)(F)=O)(F)=O,,,,,1.0,1.0,,,,,Pyr11O1FSI\n
351,Pyr13FSI,,,2022-03-16 02:41:32,2022-03-16 02:41:32,,C[N+]1(CCC)CCCC1.O=S(F)([N-]S(=O)(F)=O)=O,,,,,1.0,1.0,,,,,Pyr13FSI\n
352,Pyr13TFSI,,,2022-03-16 02:41:32,2022-03-16 02:41:32,,C[N+]1(CCC)CCCC1.O=S(C(F)(F)F)([N-]S(=O)(C(F)(F)F)=O)=O,,,,,1.0,1.0,,,,,Pyr13TFSI\n
435,SO3C4F9,,,2022-03-16 02:41:32,2022-03-16 02:41:32,,O=S(C(F)(C(F)(C(F)(C(F)(F)F)F)F)F)([O-])=O,,,,,1.0,1.0,,,,,SO3C4F9\n
436,SO3C8F17,,,2022-03-16 02:41:32,2022-03-16 02:41:32,,O=S(C(F)(C(F)(C(F)(C(C(F)(C(F)(F)C(F)(C(F)(F)F)F)F)(F)F)F)F)F)([O-])=O,,,,,1.0,1.0,,,,,SO3C8F17\n
437,SO3CF3,,,2022-03-16 02:41:32,2022-03-16 02:41:32,,FC(F)(S(=O)([O-])=O)F,,,,,1.0,1.0,,,,,SO3CF3\n
433,SO3_C6F5,,,2022-03-16 02:41:32,2022-03-16 02:41:32,,O=S([O-])(C1=C(F)C(F)=C(F)C(F)=C1F)=O,,,,,1.0,1.0,,,,,SO3_C6F5\n
434,SO3_C6H5,,,2022-03-16 02:41:32,2022-03-16 02:41:32,,O=S([O-])(C1=CC=CC=C1)=O,,,,,1.0,1.0,,,,,SO3_C6H5\n
438,Sulfolane,,,2022-03-16 02:41:32,2022-03-16 02:41:32,,O=S1(CCCC1)=O,,,,,1.0,1.0,,,,,Sulfolane\n
440,TDI,,,2022-03-16 02:41:32,2022-03-16 02:41:32,,FC(F)(F)C([N-]1)=NC(C#N)=C1C#N,,,,,1.0,1.0,,,,,TDI\n
441,TEOS,,,2022-03-16 02:41:32,2022-03-16 02:41:32,,CCO[Si](OCC)(OCC)OCC,,,,,1.0,1.0,,,,,TEOS\n
442,TEP,,,2022-03-16 02:41:32,2022-03-16 02:41:32,,O=P(OCC)(OCC)OCC,,,,,1.0,1.0,,,,,TEP\n
445,TFDEC,,,2022-03-16 02:41:32,2022-03-16 02:41:32,,O=C(OCC(F)(F)F)OCC,,,,,1.0,1.0,,,,,TFDEC\n
446,TFEMC,,,2022-03-16 02:41:32,2022-03-16 02:41:32,,COC(OCC(F)(F)F)=O,,,,,1.0,1.0,,,,,TFEMC\n
447,TFEME,,,2022-03-16 02:41:32,2022-03-16 02:41:32,,COCCOC(F)(F)F,,,,,1.0,1.0,,,,,TFEME\n
448,THF,,,2022-03-16 02:41:32,2022-03-16 02:41:32,,C1CCOC1,,,,,1.0,1.0,,,,,THF\n
449,TMP,,,2022-03-16 02:41:32,2022-03-16 02:41:32,,O=P(OC)(OC)OC,,,,,1.0,1.0,,,,,TMP\n
443,Tetraglyme,,,2022-03-16 02:41:32,2022-03-16 02:41:32,,COCCOCCOCCOCCOC,,,,,1.0,1.0,,,,,Tetraglyme\n
444,Tetramethylene sulfone,,,2022-03-16 02:41:32,2022-03-16 02:41:32,,O=S1(CCCC1)=O,,,,,1.0,1.0,,,,,Tetramethylene sulfone\n
450,Toluene,,,2022-03-16 02:41:32,2022-03-16 02:41:32,,CC1=CC=CC=C1,,,,,1.0,1.0,,,,,Toluene\n
451,Triglyme,,,2022-03-16 02:41:32,2022-03-16 02:41:32,,COCCOCCOCCOC,,,,,1.0,1.0,,,,,Triglyme\n
452,Urea,,,2022-03-16 02:41:32,2022-03-16 02:41:32,,O=C(N)N,,,,,1.0,1.0,,,,,Urea\n
13,_CH3OCH2CH2_2SO2,,,2022-03-16 02:41:31,2022-03-16 02:41:31,,O=S(CCOC)(CCOC)=O,,,,,1.0,1.0,,,,,_CH3OCH2CH2_2SO2\n
156,aaim_tfsa,,,2022-03-16 02:41:31,2022-03-16 02:41:31,,C=CC[N+](C=C1)=CN1CC=C.FC(F)(S(=O)([N-]S(=O)(C(F)(F)F)=O)=O)F,1/1,,,,1.0,1.0,,,,,aaim_tfsa\n
171,bh3,,,2022-03-16 02:41:31,2022-03-16 02:41:31,,B,,,13.834,,1.0,1.0,,,,,bh3\ndiborane
172,bmim_cl,,,2022-03-16 02:41:31,2022-03-16 02:41:31,,CCCCN1C=C[N+](=C1)C.[Cl-],1/1,,174.672,,1.0,1.0,,,,,bmim_cl\n
180,c1,,,2022-03-16 02:41:31,2022-03-16 02:41:31,,[Mg]C(CC(C[Mg])C(O[B-](OC1=O)(OC1=O)O2)=O)C2=O,,,,,,6245.0,,,,,lithium　oxalate polyacrylic acid borate\n
181,c2,,,2022-03-16 02:41:31,2022-03-16 02:41:31,,[Mg]C1CC(O[B-](OC2=O)(OC2=O)O1)C[Mg],,,,,,,,,,,lithium polyvinyl alcohol oxalate borate\n
182,c26,,,2022-03-16 02:41:31,2022-03-16 02:41:31,,[Mg]CC1=CC=C(B2OB(C3=CC=C(C=C3)CO[Mg])O[B-]4(OB(C5=CC=C(C=C5)C[Mg])OB(C6=CC=C(C=C6)CO[Mg])O4)O2)C=C1.[Mg]OCC[Mg],1/9,,,,1.94,5.116836282,block,,,,Polymer 3a\n
183,c27,,,2022-03-16 02:41:31,2022-03-16 02:41:31,,[Mg]C1=CC=C(C=C1)B2O[B-]3(OB(O2)C4=CC=C([Mg])C=C4)OB(OB(O3)C5=CC=C([Mg])C=C5)C6=CC=C(C=C6)[Mg].[Mg]OCC[Mg],1/14,,,,1.26,4.556598312,block,,,,Polymer 3b\n
184,c28,,,2022-03-16 02:41:31,2022-03-16 02:41:31,,[Mg]CC(S(=O)([O-])=O)[Mg],,,,,1.05,56.0,,,,,poly(lithium vinylsulfonate) mn7140\n
185,c29,,,2022-03-16 02:41:31,2022-03-16 02:41:31,,[Mg]CC(C([O-])=O)[Mg],,,,,,,,,,,poly(lithium acrylate)\n
189,c3,,,2022-03-16 02:41:31,2022-03-16 02:41:31,,[Mg]CC(CC2[Mg])C(O[B-](OC1=O)(OC2=O)OC1=O)=O,,,,,,,,,,,LiPAAOB\n
190,c30,,,2022-03-16 02:41:31,2022-03-16 02:41:31,,O=S(C1=CC=C(C(C[Mg])[Mg])C=C1)([O-])=O,,,,,,,,,,,poly(lithium 4-styrene sulfonate)\n
191,c31,,,2022-03-16 02:41:31,2022-03-16 02:41:31,,O=S(C1=CC=C(C(C[Mg])[Mg])C=C1)([N-]S(=O)(C(F)(F)F)=O)=O,,,52795.68,41571.40157480315,1.27,168.0,,,,,poly[(4-styrenesulfonyl)(trifluoromethanesulfonyl)imide]\n
192,c37,,,2022-03-16 02:41:31,2022-03-16 02:41:31,,[Mg]O[B-](C1=CC=CC=C1)(C2=C(C=C(C=C2C)C)C)[Mg].[Mg]OCC[Mg],1/4,,,,,,block,,,,PEO4+borate\n
193,c4,,,2022-03-16 02:41:31,2022-03-16 02:41:31,,[Mg]C(C)/C=C/C(C([O-])=O)[Mg],,,,,,,,,,,Poly(Li-Sorb)\n
194,c5,,,2022-03-16 02:41:31,2022-03-16 02:41:31,,[Mg]C(C([O-])=O)/C=C/C(C([O-])=O)[Mg],,,,,,,,,,,Poly(Li-Muco)\n
196,c9,,,2022-03-16 02:41:31,2022-03-16 02:41:31,,[Mg]CC(C([N-]S(=O)(C(F)(F)F)=O)=O)[Mg],,,,,,,,,,,poly[(trifluoromethyl)sulfonyl acrylamide].\n
197,cellulose,,,2022-03-16 02:41:31,2022-03-16 02:41:31,,OC1OC(O[Mg])C(O)C(O)C1[Mg],,,,,,,,,,,cellulose\n
225,emim_tf,,,2022-03-16 02:41:31,2022-03-16 02:41:31,,CCN1C=C[N+](=C1)C.C(F)(F)(F)S(=O)(=O)[O-],1/1,,260.23,,1.0,1.0,,,,,emim_triflate\n>350
226,emim_tfsa,,,2022-03-16 02:41:31,2022-03-16 02:41:31,,CCN1C=C[N+](=C1)C.C(F)(F)(F)S(=O)(=O)[N-]S(=O)(=O)C(F)(F)F,1/1,,391.303,,1.0,1.0,,,,,emim_tfsa\nemim-TFSI
244,g-Butyrolactone,,,2022-03-16 02:41:31,2022-03-16 02:41:31,,O=C1CCCO1,,,,,1.0,1.0,,,,,g-Butyrolactone\n
245,j1,,,2022-03-16 02:41:31,2022-03-16 02:41:31,,[Mg]C(C1=CC=C(C=C1)S(=O)([O-])=O)C[Mg],,,,,,2672.0,,,,,LiPSS\n
246,j2,,,2022-03-16 02:41:31,2022-03-16 02:41:31,,[Mg]C(C1=CC=C(C=C1)S(=O)([N-]S(=O)(C(F)(F)F)=O)=O)C[Mg],,,,,1.27,1881.0,,,,,LiPSTFSI\n
247,j3,,,2022-03-16 02:41:31,2022-03-16 02:41:31,,[Mg]C(C1=CC=C(C=C1)S(=O)([N-]S(=NS(=O)(C(F)(F)F)=O)(C(F)(F)F)=O)=O)C[Mg],,,,,2.21,6742.0,,,,,LiPSsTFSI\n
248,j4,,,2022-03-16 02:41:31,2022-03-16 02:41:31,,O=S([N-]S(=O)(C(F)(F)F)=O)(C(F)(F)F)=O,,,,,1.0,1.0,,,,,LITFSI\n
249,j5,,,2022-03-16 02:41:31,2022-03-16 02:41:31,,O=S(C(F)(F)C(C(C(F)(F)F)(F)F)(F)F)([N-]S(=O)(C(C(C(C(F)(F)F)(F)F)(F)F)(F)F)=O)=O,,,,,1.0,1.0,,,,,LiBNSFI\n
250,j6,,,2022-03-16 02:41:31,2022-03-16 02:41:31,,[Mg]OCC[Mg],,,,,,13636.0,,,,,PEO\n
251,l1,,,2022-03-16 02:41:31,2022-03-16 02:41:31,,FB(F)F,,,,,1.0,1.0,,,,,BF3\n
252,l2,,,2022-03-16 02:41:31,2022-03-16 02:41:31,,CCOCC,,,,,1.0,1.0,,,,,OEt2\n396
253,li_cl,,,2022-03-16 02:41:31,2022-03-16 02:41:31,,[Cl-],,,,,1.0,1.0,,,,,li_cl\n
294,m-Xylene,,,2022-03-16 02:41:31,2022-03-16 02:41:31,,CC1=CC(C)=CC=C1,,,,,1.0,1.0,,,,,m-Xylene\n
282,m1,,,2022-03-16 02:41:31,2022-03-16 02:41:31,,O=C1OCCO1,,,,,1.0,1.0,,,,,EC\n
310,nedo2_26OMe,,,2022-03-16 02:41:32,2022-03-16 02:41:32,,COc1cccc(OC)c1NC(=O)c2ccc(C([Mg])C[Mg])cc2,,,,,,,,,,,nedo2_26OMe\n
311,nedo2_2OMe,,,2022-03-16 02:41:32,2022-03-16 02:41:32,,COc1ccccc1NC(=O)c2ccc(C([Mg])C[Mg])cc2,,,,,,,,,,,nedo2_2OMe\n
312,nedo2_2Py,,,2022-03-16 02:41:32,2022-03-16 02:41:32,,O=C(Nc1ccccn1)c2ccc(C([Mg])C[Mg])cc2,,,,,,,,,,,nedo2_2Py\n
313,nedo2_2Pyrim,,,2022-03-16 02:41:32,2022-03-16 02:41:32,,O=C(Nc1ncccn1)c2ccc(C([Mg])C[Mg])cc2,,,,,,,,,,,nedo2_2Pyrim\n
314,nedo2_2SMe,,,2022-03-16 02:41:32,2022-03-16 02:41:32,,CSc1ccccc1NC(=O)c2ccc(C([Mg])C[Mg])cc2,,,,,,,,,,,nedo2_2SMe\n
315,nedo2_3Py,,,2022-03-16 02:41:32,2022-03-16 02:41:32,,O=C(Nc1cccnc1)c2ccc(C([Mg])C[Mg])cc2,,,,,,,,,,,nedo2_3Py\n
316,nedo2_4Py,,,2022-03-16 02:41:32,2022-03-16 02:41:32,,O=C(Nc1ccncc1)c2ccc(C([Mg])C[Mg])cc2,,,,,,,,,,,nedo2_4Py\n
317,nedo4_ref3_A9,,,2022-03-16 02:41:32,2022-03-16 02:41:32,,[Ca]O[Al](O[Ca])O[Ca].[Mg]OCC[Mg],27/1,,,,,,star,,,,nedo4_ref3_A9\n
318,nedo4_ref3_B9,,,2022-03-16 02:41:32,2022-03-16 02:41:32,,[Mg]OCC[Mg].[Ca]OB(O[Ca])O[Ca],27/1,,,,,,star,,,,nedo4_ref3_B9\n
320,nedo4_ref3_P11,,,2022-03-16 02:41:32,2022-03-16 02:41:32,,[Mg]OCC[Mg],,,,,,11.0,,,,,nedo4_ref3_P11\n
319,nedo4_ref3_matrix,,,2022-03-16 02:41:32,2022-03-16 02:41:32,,[Mg]OCC[Mg].CC(C[Mg])(C(O[Ca])=O)[Mg].O=C(C([Mg])(C[Mg])C)OCC[Ca],21/2/1,,,,,,random_comb,,,,nedo4_ref3_matrix\n
321,nedo4_ref3_pde600,,,2022-03-16 02:41:32,2022-03-16 02:41:32,,[Mg]OCC[Mg].CC(C[Mg])(C(O[Ca])=O)[Mg].O=C(C([Mg])(C[Mg])C)OCC[Ca],12/1/1,,,,,,comb,,,,nedo4_ref3_pde600\n
322,nedo4_ref3_pme400,,,2022-03-16 02:41:32,2022-03-16 02:41:32,,[Mg]OCC[Mg].[Ca]OC(C([Mg])(C[Mg])C)=O,9/1,,,,,,comb,,,,nedo4_ref3_pme400\n
324,o-Xylene,,,2022-03-16 02:41:32,2022-03-16 02:41:32,,CC1=CC=CC=C1C,,,,,1.0,1.0,,,,,o-Xylene\n
331,peo3e+5,,,2022-03-16 02:41:32,2022-03-16 02:41:32,,[Mg]OCC[Mg],,,300000.0,,,,,,,,peo3e+5\nAlfa Aesar 42237
336,pol_s116,,,2022-03-16 02:41:32,2022-03-16 02:41:32,,[Mg]C(C(O1)=O)C(CCC[Mg])C1=O.[Mg]C(C(N2C3=CC=C(S([N-]S(C4=CC=C(C(F)(F)F)C=C4)(=O)=O)(=O)=O)C=C3)=O)C(CCC[Mg])C2=O,46/54,,,,,1830.0,random,,,,pol_s116\n
337,pol_s39,,,2022-03-16 02:41:32,2022-03-16 02:41:32,,[Mg]CC(C)(C(O[Ca])=O)[Mg].[Mg]CC(C)(C(OC1=CC=CC=C1)=O)[Mg].[Mg]CCO[Mg],,109/272/396,,47830.0,1.22,,comb_block,,,,109/272/396\n
338,pol_s40_43,,,2022-03-16 02:41:32,2022-03-16 02:41:32,,[Mg]C(C(O[Ca])=O)(C)C[Mg].[Mg]C(C(OC)=O)(C)C[Mg].[Mg]OCC[Mg],,7.6/57/35.4,,76400.0,1.17,,,,,,pol_s40_43\n
339,pol_s40_48,,,2022-03-16 02:41:32,2022-03-16 02:41:32,,[Mg]C(C(O[Ca])=O)(C)C[Mg].[Mg]C(C(OC)=O)(C)C[Mg].[Mg]OCC[Mg],,8.5/52/39.5,,68900.0,1.15,,,,,,pol_s40_48\n
340,pol_s40_60,,,2022-03-16 02:41:32,2022-03-16 02:41:32,,[Mg]C(C(O[Ca])=O)(C)C[Mg].[Mg]C(C(OC)=O)(C)C[Mg].[Mg]OCC[Mg],,11/40/49,,55510.0,1.21,,,,,,pol_s40_60\n
341,pol_s40_69,,,2022-03-16 02:41:32,2022-03-16 02:41:32,,[Mg]C(C(O[Ca])=O)(C)C[Mg].[Mg]C(C(OC)=O)(C)C[Mg].[Mg]OCC[Mg],,12/31/57,,48300.0,1.13,,,,,,pol_s40_69\n
342,pol_s40_75,,,2022-03-16 02:41:32,2022-03-16 02:41:32,,[Mg]C(C(O[Ca])=O)(C)C[Mg].[Mg]C(C(OC)=O)(C)C[Mg].[Mg]OCC[Mg],,13/25/62,,44194.0,1.13,,,,,,pol_s40_75\n
343,pol_s52_1,,,2022-03-16 02:41:32,2022-03-16 02:41:32,,[Mg]C(OCCCCC[Mg])=O,,,,24390.0,1.86,,,,,,pol_s52_1\n
344,pol_s52_2,,,2022-03-16 02:41:32,2022-03-16 02:41:32,,[Mg]C(OCCCCC[Mg])=O.[Mg]C(C1=CC=CC=C1)C[Mg],,2.48/2.43,,49151.0,1.43,,comb_block,,,,pol_s52_2\n
345,pol_s52_3,,,2022-03-16 02:41:32,2022-03-16 02:41:32,,[Mg]C(OCCCCC[Mg])=O.[Mg]C(C1=CC=CC=C1)C[Mg].O=C(OCCC[Mg])O[Mg],,69.8/23.2/7,,51210.0,2.33,,comb_block,,,,pol_s52_3\n
353,s1,,,2022-03-16 02:41:32,2022-03-16 02:41:32,,O=Cl(=O)([O-])=O,,,,,1.0,1.0,,,,,ClO4\n
354,s152-A,,,2022-03-16 02:41:32,2022-03-16 02:41:32,,[Mg]CCC1C(N([Ca])C(C1[Mg])=O)=O.[Mg]C(C)CO[Mg].[Mg]CCO[Mg],1/10/31,,,,,,comb,,,,M-2070\n
355,s152-B,,,2022-03-16 02:41:32,2022-03-16 02:41:32,,[Mg]CCC1C(N([Ca])C(C1[Mg])=O)=O.[Mg]C(C)CO[Mg].[Mg]CCO[Mg],1/3/19,,,,,,comb,,,,M-1000\n
356,s152-C,,,2022-03-16 02:41:32,2022-03-16 02:41:32,,[Mg]CCC1C(N([Ca])C(C1[Mg])=O)=O.[Mg]C(C)CO[Mg].[Mg]CCO[Mg],1/9/1,,,,,,comb,,,,M-600\n
357,s2,,,2022-03-16 02:41:32,2022-03-16 02:41:32,,F[B-](F)(F)F,,,,,1.0,1.0,,,,,BF4\n
358,s3,,,2022-03-16 02:41:32,2022-03-16 02:41:32,,O=S(C(F)(F)F)([O-])=O,,,,,1.0,1.0,,,,,CF3SO3\n
359,s3-01,,,2022-03-16 02:41:32,2022-03-16 02:41:32,,Fc4c(F)c(F)c(S[B-](Sc1c(F)c(F)c(F)c(F)c1F)(Sc2c(F)c(F)c(F)c(F)c2F)Sc3c(F)c(F)c(F)c(F)c3F)c(F)c4F,,,,,1.0,1.0,,,,,TPSB-\n
360,s3-04,,,2022-03-16 02:41:32,2022-03-16 02:41:32,,[Mg]OCC[Mg].[Ca]OC(C([Mg])(C[Mg])C)=O,4/1,,,,,,comb,,,,PEGM\n
361,s3-2,,,2022-03-16 02:41:32,2022-03-16 02:41:32,,Fc4c(F)c(F)c(O[B-](Oc1c(F)c(F)c(F)c(F)c1F)(Oc2c(F)c(F)c(F)c(F)c2F)Oc3c(F)c(F)c(F)c(F)c3F)c(F)c4F,,,,,1.0,1.0,,,,,TPOB-\n
362,s3-3,,,2022-03-16 02:41:32,2022-03-16 02:41:32,,[Mg]OCC[Mg],,,,1000.0,,,,,,,PEGDME\nwithout endgroup
363,s3-5,,,2022-03-16 02:41:32,2022-03-16 02:41:32,,C(F)(F)(F)S(=O)(=O)[O-],,,156.0,,1.0,1.0,,,,,Lithium Trifluoromethanesulfonate (Lithium triflate)\n
364,s4,,,2022-03-16 02:41:32,2022-03-16 02:41:32,,F[P-](F)(F)(F)(F)F,,,,,1.0,1.0,,,,,PF6\n
365,s5,,,2022-03-16 02:41:32,2022-03-16 02:41:32,,O=S(C(F)(F)F)([N-]S(C(F)(F)F)(=O)=O)=O,,,,,1.0,1.0,,,,,TFSI\n
366,s6,,,2022-03-16 02:41:32,2022-03-16 02:41:32,,O=S(F)([N-]S(F)(=O)=O)=O,,,,,1.0,1.0,,,,,fsi\n
367,sk1,,,2022-03-16 02:41:32,2022-03-16 02:41:32,,[Mg]OCC[Mg],,,,,,181611.8047673099,,,,,peo8000000\n
368,sk10,,,2022-03-16 02:41:32,2022-03-16 02:41:32,,[Mg]OCC[Mg].[Mg]SCC[Mg],6/2,,,,,30.0,block_block,,,,peo-pes\nno note for mw
369,sk11,,,2022-03-16 02:41:32,2022-03-16 02:41:32,,[Mg]OCC[Mg].[Mg]S(CCOCCOCCS(CC[Mg])=O)=O,4/1,,,,,30.0,block_block,,,,peo-pes\n
370,sk12,,,2022-03-16 02:41:32,2022-03-16 02:41:32,,CCC(CO[Mg])(C(NC(COCCC#N)(COCCC#N)COCCC#N)=O)C[Mg],,,,,,10.0,,,,,cn-ox\n
371,sk13,,,2022-03-16 02:41:32,2022-03-16 02:41:32,,CCC(CO[Mg])(COCCC#N)C[Mg],,,,,,51.0,,,,,cn-ox\n
372,sk2,,,2022-03-16 02:41:32,2022-03-16 02:41:32,,[Mg]SCC[Mg].[Mg]OCCCCOCC[Mg],2/1,,,,1.6,31.0,block_block,,,,peo-pes\n
373,sk3,,,2022-03-16 02:41:32,2022-03-16 02:41:32,,[Mg]CCOCCCCO[Mg].[Mg]SCCCCSCC[Mg],1/1,,,,2.0,33.0,block_block,,,,peo-pes\n
374,sk4,,,2022-03-16 02:41:32,2022-03-16 02:41:32,,[Mg]OCCCCOCC[Mg].[Mg]SCCCCCCSCC[Mg],1/1,,,,2.1,38.0,block_block,,,,peo-pes\n
375,sk5,,,2022-03-16 02:41:32,2022-03-16 02:41:32,,[Mg]OCCCCOCC[Mg].[Mg]SCCCCCCCCSCC[Mg],1/1,,,,1.8,41.0,block_block,,,,peo-pes\n
376,sk6,,,2022-03-16 02:41:32,2022-03-16 02:41:32,,[Mg]OCC[Mg].[Mg]SCC[Mg],3/2,,,,1.7,47.0,block_block,,,,peo-pes\n
377,sk7,,,2022-03-16 02:41:32,2022-03-16 02:41:32,,[Mg]S(CSCCSCC[Mg])=O.[Mg]OCC[Mg],1/3,,,,1.7,39.0,block_block,,,,peo-pes\n
378,sk8,,,2022-03-16 02:41:32,2022-03-16 02:41:32,,[Mg]OCC[Mg].[Mg]SCC[Mg],4/2,,,,1.7,36.0,block_block,,,,peo-pes\n
379,sk9,,,2022-03-16 02:41:32,2022-03-16 02:41:32,,[Mg]OCC[Mg].[Mg]SCC[Mg],4/3,,,,1.6,26.0,block_block,,,,peo-pes\n
380,skn1,,,2022-03-16 02:41:32,2022-03-16 02:41:32,,O=S(C1=CC=C(C=C1)C([Mg])C[Mg])([N-]S(=O)(C(F)(F)F)=O)=O.[Mg]C(C[Mg])C(O[Ca])=O.[Mg]OCC[Mg],0.432/0.135/1.08,,,,1.05,,random_comb,,,,Li[PSTFSI-co-MPEGA]\n
381,skn10,,,2022-03-16 02:41:32,2022-03-16 02:41:32,,[Mg][B-](OC(C(C(C(C(O[Mg])=O)(F)F)(F)F)(F)F)=O)(O[Ca])O[Ca].[Mg]OCC[Mg],1/6,,,,,,comb,,,,B-PEG\n
382,skn11,,,2022-03-16 02:41:32,2022-03-16 02:41:32,,[Mg][B-](OC(C(C(C(C(O[Mg])=O)(F)F)(F)F)(F)F)=O)(O[Ca])O[Ca].[Mg]OCC[Mg],0.06097561/0.87804878,,,,,,comb,,,,B-PEG\n
383,skn12,,,2022-03-16 02:41:32,2022-03-16 02:41:32,,[Mg][B-](OC(C(C(C(C(O[Mg])=O)(F)F)(F)F)(F)F)=O)(O[Ca])O[Ca].[Mg]OCC[Mg],0.0390625/0.921875,,,,,,comb,,,,B-PEG\n
384,skn13,,,2022-03-16 02:41:32,2022-03-16 02:41:32,,[Mg][B-](O[Ca])(O[Ca])OC(CCCC(O[Mg])=O)=O.[Mg]OCC[Mg],0.0390625/0.921875,,,,,,comb,,,,B2-PEG\n
385,skn14,,,2022-03-16 02:41:32,2022-03-16 02:41:32,,[Mg]CC(C1=CC=C(S([N-]S(C(F)(F)F)(=O)=O)(=O)=O)C=C1)[Mg].[Mg]OCC[Mg],,5/2,10710.0,7000.0,1.53,,block,,,,PSLiTFSI-b-PEO5000\n
386,skn15,,,2022-03-16 02:41:32,2022-03-16 02:41:32,,[Mg]CC(C1=CC=C(S([N-]S(C(F)(F)F)(=O)=O)(=O)=O)C=C1)[Mg].[Mg]OCC[Mg],,5/3.2,10578.0,8200.0,1.29,,block,,,,PSLiTFSI-b-PEO5000\n
387,skn16,,,2022-03-16 02:41:32,2022-03-16 02:41:32,,[Mg]CC(C1=CC=C(S([N-]S(C(F)(F)F)(=O)=O)(=O)=O)C=C1)[Mg].[Mg]OCC[Mg],,5/4,11340.0,9000.0,1.26,,block,,,,PSLiTFSI-b-PEO5000\n
388,skn17,,,2022-03-16 02:41:32,2022-03-16 02:41:32,,[Mg]CC(C1=CC=C(S([N-]S(C(F)(F)F)(=O)=O)(=O)=O)C=C1)[Mg].[Mg]OCC[Mg],,5/5.4,11374.0,9400.0,1.21,,block,,,,PSLiTFSI-b-PEO5000\n
389,skn18,,,2022-03-16 02:41:32,2022-03-16 02:41:32,,[Mg]CC(C1=CC=C(S([N-]S(C(F)(F)F)(=O)=O)(=O)=O)C=C1)[Mg].[Mg]OCC[Mg],,5/7.2,15250.0,12200.0,1.25,,block,,,,PSLiTFSI-b-PEO5000\n
390,skn19,,,2022-03-16 02:41:32,2022-03-16 02:41:32,,[Mg]CC(C1=CC=C(S([N-]S(C(F)(F)F)(=O)=O)(=O)=O)C=C1)[Mg].[Mg]OCC[Mg],,5/7.5,14750.0,12500.0,1.18,,block,,,,PSLiTFSI-b-PEO5000\n
391,skn2,,,2022-03-16 02:41:32,2022-03-16 02:41:32,,[Mg]C(C[Mg])C(O[Ca])=O.O=S(C1=CC=C(C=C1)C([Mg])C[Mg])([N-]S(=O)(C(F)(F)F)=O)=O.[Mg]OCC[Mg],0.325/0.3368/2.6,,25300.0,25049.504950495048,1.01,,random_comb,,,,Li[PSTFSI-co-MPEGA]\n
392,skn20,,,2022-03-16 02:41:32,2022-03-16 02:41:32,,[Mg]C(C[Mg])(C(OCCCS(=O)([N-]S(=O)(C(F)(F)F)=O)=O)=O)C.[Mg]OCC[Mg],,6/35,65934.0,40700.0,1.62,,block,,,,poly tfsi-b-peo-b-poly tfsi\n
393,skn21,,,2022-03-16 02:41:32,2022-03-16 02:41:32,,[Mg]C(C[Mg])(C(OCCCS(=O)([N-]S(=O)(C(F)(F)F)=O)=O)=O)C.[Mg]OCC[Mg],,12/35,61628.0,43400.0,1.42,,block,,,,poly tfsi-b-peo-b-poly tfsi\n
394,skn22,,,2022-03-16 02:41:32,2022-03-16 02:41:32,,[Mg]C(C[Mg])(C(OCCCS(=O)([N-]S(=O)(C(F)(F)F)=O)=O)=O)C.[Mg]OCC[Mg],,16/35,54635.99999999999,47100.0,1.16,,block,,,,poly tfsi-b-peo-b-poly tfsi\n
395,skn23,,,2022-03-16 02:41:32,2022-03-16 02:41:32,,[Mg]C(C[Mg])(C(OCCCS(=O)([N-]S(=O)(C(F)(F)F)=O)=O)=O)C.[Mg]OCC[Mg],,22/35,71247.0,56100.0,1.27,,block,,,,poly tfsi-b-peo-b-poly tfsi\n
396,skn24,,,2022-03-16 02:41:32,2022-03-16 02:41:32,,[Mg]C(C[Mg])(C(OCCCS(=O)([N-]S(=O)(C(F)(F)F)=O)=O)=O)C.[Mg]OCC[Mg],,26/35,92678.0,62200.0,1.49,,block,,,,poly tfsi-b-peo-b-poly tfsi\n
397,skn25,,,2022-03-16 02:41:32,2022-03-16 02:41:32,,[Mg]OCC[Mg].[Mg]C(NCC1(CC(CC(C)(C1)C)NC(OCC(C(OCCCS(=O)([N-]S(=O)(C(F)(F)F)=O)=O)=O)(CO[Mg])C)=O)C)=O.[Mg]C(NCC2(CC(CC(C)(C2)C)NC(OCC[Mg])=O)C)=O,10.73/0.175/0.825,,3696.0,2800.0,1.32,,block_block,,,,PEO600 urethane1-Urethane TFSI1\n
398,skn26,,,2022-03-16 02:41:32,2022-03-16 02:41:32,,[Mg]OCC[Mg].[Mg]C(NCC1(CC(CC(C)(C1)C)NC(OCC(C(OCCCS(=O)([N-]S(=O)(C(F)(F)F)=O)=O)=O)(CO[Mg])C)=O)C)=O.[Mg]C(NCC2(CC(CC(C)(C2)C)NC(OCC[Mg])=O)C)=O,0.41/1.59/20.7,,5320.0,4000.0,1.33,,block_block,,,,PEO600 urethane1-Urethane TFSI1\n
399,skn27,,,2022-03-16 02:41:32,2022-03-16 02:41:32,,[Mg]OCC[Mg].[Mg]C(NCC1(CC(CC(C)(C1)C)NC(OCC(C(OCCCS(=O)([N-]S(=O)(C(F)(F)F)=O)=O)=O)(CO[Mg])C)=O)C)=O.[Mg]C(NCC2(CC(CC(C)(C2)C)NC(OCC[Mg])=O)C)=O,0.5/1.5/19.5,,5670.0,4200.0,1.35,,block_block,,,,PEO600 urethane1-Urethane TFSI1\n
400,skn28,,,2022-03-16 02:41:32,2022-03-16 02:41:32,,[Mg]OCC[Mg].[Mg]C(NCC1(CC(CC(C)(C1)C)NC(OCC(C(OCCCS(=O)([N-]S(=O)(C(F)(F)F)=O)=O)=O)(CO[Mg])C)=O)C)=O.[Mg]C(NCC2(CC(CC(C)(C2)C)NC(OCC[Mg])=O)C)=O,0.61/1.39/18.07,,7772.000000000001,5800.0,1.34,,block_block,,,,PEO600 urethane1-Urethane TFSI1\n
401,skn29,,,2022-03-16 02:41:32,2022-03-16 02:41:32,,[Mg]OCC[Mg].[Mg]C(NCC1(CC(CC(C)(C1)C)NC(OCC(C(OCCCS(=O)([N-]S(=O)(C(F)(F)F)=O)=O)=O)(CO[Mg])C)=O)C)=O.[Mg]C(NCC2(CC(CC(C)(C2)C)NC(OCC[Mg])=O)C)=O,0.61/1.39/18.07,,8432.0,6200.0,1.36,,block_block,,,,PEO600 urethane1-Urethane TFSI1\n
402,skn3,,,2022-03-16 02:41:32,2022-03-16 02:41:32,,O=S(C1=CC=C(C=C1)C([Mg])C[Mg])([N-]S(=O)(C(F)(F)F)=O)=O.[Mg]C(C[Mg])C(O[Ca])=O.[Mg]OCC[Mg],0.23/0.43/3.44,,12400.0,10333.333333333334,1.2,,random_comb,,,,Li[PSTFSI-co-MPEGA]\n
403,skn30,,,2022-03-16 02:41:32,2022-03-16 02:41:32,,[Mg]OCC[Mg].[Mg][Si](O[Mg])(CCC[N-]S(C(F)(F)F)(=O)=O)C.[Mg][Si](O[Mg])(C[Ca])C,0.61/1.39/18.07,,14382.0,10200.0,1.41,,block_block,,,,PEO600 urethane1-Urethane TFSI1\n
404,skn31,,,2022-03-16 02:41:32,2022-03-16 02:41:32,,[Mg]OCC[Mg].[Mg][Si](O[Mg])(CCC[N-]S(C(F)(F)F)(=O)=O)C.[Mg][Si](O[Mg])(C[Ca])C,2.224/0.222/0.556,,,,,,random_comb,,,,LiMPSA-r-PMHS-EO\n
405,skn32,,,2022-03-16 02:41:32,2022-03-16 02:41:32,,[Mg]OCC[Mg].[Mg][Si](O[Mg])(CCC[N-]S(C(F)(F)F)(=O)=O)C.[Mg][Si](O[Mg])(C[Ca])C,2.544/0.182/0.636,,,,,,random_comb,,,,LiMPSA-r-PMHS-EO\n
406,skn33,,,2022-03-16 02:41:32,2022-03-16 02:41:32,,[Mg]OCC[Mg].[Mg][Si](O[Mg])(CCC[N-]S(C(F)(F)F)(=O)=O)C.[Mg][Si](O[Mg])(C[Ca])C,2.932/0.133/0.733,,,,,,random_comb,,,,LiMPSA-r-PMHS-EO\n
407,skn34,,,2022-03-16 02:41:32,2022-03-16 02:41:32,,[Mg]OCC[Mg].[Mg][Si](O[Mg])(CCC[N-]S(C(F)(F)F)(=O)=O)C.[Mg][Si](O[Mg])(C[Ca])C,3.06/0.118/0.765,,,,,,random_comb,,,,LiMPSA-r-PMHS-EO\n
408,skn35,,,2022-03-16 02:41:32,2022-03-16 02:41:32,,[Mg]OCC[Mg].[Mg][Si](O[Mg])(CCC[N-]S(C(F)(F)F)(=O)=O)C.[Mg][Si](O[Mg])(C[Ca])C,3.332/0.083/0.833,,,,,,random_comb,,,,LiMPSA-r-PMHS-EO\n
409,skn36,,,2022-03-16 02:41:32,2022-03-16 02:41:32,,[Mg]OCC[Mg].[Mg][Si](C[Ca])(C)O[Mg].[Mg][Si](C)(O[Mg])CCCC(F)(C(OC(C(S(=O)([O-])=O)(F)F)(F)F)(F)F)F,3.856/0.964/0.018,,,,,,random_comb,,,,silicone so3 random\n
410,skn37,,,2022-03-16 02:41:32,2022-03-16 02:41:32,,[Mg]OCC[Mg].[Mg][Si](C[Ca])(C)O[Mg].[Mg][Si](C)(O[Mg])CCCC(F)(C(OC(C(S(=O)([O-])=O)(F)F)(F)F)(F)F)F,3.812/0.953/0.023,,,,,,random_comb,,,,silicone so3 random\n
411,skn38,,,2022-03-16 02:41:32,2022-03-16 02:41:32,,[Mg]OCC[Mg].[Mg][Si](C[Ca])(C)O[Mg].[Mg][Si](C)(O[Mg])CCCC(F)(C(OC(C(S(=O)([O-])=O)(F)F)(F)F)(F)F)F,3.772/0.943/0.029,,,,,,random_comb,,,,silicone so3 random\n
412,skn39,,,2022-03-16 02:41:32,2022-03-16 02:41:32,,[Mg]OCC[Mg].[Mg][Si](C[Ca])(C)O[Mg].[Mg][Si](C)(O[Mg])CCCC(F)(C(OC(C(S(=O)([O-])=O)(F)F)(F)F)(F)F)F,3.74/0.935/0.032,,,,,,random_comb,,,,silicone so3 random\n
413,skn4,,,2022-03-16 02:41:32,2022-03-16 02:41:32,,[Mg]OCC[Mg].[Mg][Si](C)(O[Mg])C[Ca].O=S(C1=CC=C(C=C1)C([Mg])C[Mg])([N-]S(=O)(C(F)(F)F)=O)=O,4.16/0.52/0.24,,24200.0,13988.439306358381,1.73,,random_comb,,,,Li[PSTFSI-co-MPEGA]\n
414,skn40,,,2022-03-16 02:41:32,2022-03-16 02:41:32,,[Mg]OCC[Mg].[Mg][Si](C[Ca])(C)O[Mg].[Mg][Si](C)(O[Mg])CCCC(F)(C(OC(C(S(=O)([O-])=O)(F)F)(F)F)(F)F)F,3.6/0.9/0.05,,,,,,random_comb,,,,silicone so3 random\n
415,skn41,,,2022-03-16 02:41:32,2022-03-16 02:41:32,,[Mg]OCC[Mg].[Mg][Si](C[Ca])(C)O[Mg].[Mg][Si](C)(O[Mg])CCCC(F)(C(OC(C(S(=O)([O-])=O)(F)F)(F)F)(F)F)F,3.292/0.823/0.088,,,,,,random_comb,,,,silicone so3 random\n
416,skn42,,,2022-03-16 02:41:32,2022-03-16 02:41:32,,[Mg]OCC[Mg].[Mg][Si](C[Ca])(C)O[Mg].[Mg][Si](C)(O[Mg])CCCC(F)(C(OC(C(S(=O)([O-])=O)(F)F)(F)F)(F)F)F,3.12/0.78/0.109,,,,,,random_comb,,,,silicone so3 random\n
417,skn43,,,2022-03-16 02:41:32,2022-03-16 02:41:32,,[Mg]OCC[Mg].[Mg][Si](C[Ca])(C)O[Mg].[Mg][Si](C)(O[Mg])CCCC(F)(C(OC(C(S(=O)([O-])=O)(F)F)(F)F)(F)F)F,2.872/0.718/0.141,,,,,,random_comb,,,,silicone so3 random\n
418,skn44,,,2022-03-16 02:41:32,2022-03-16 02:41:32,,[Mg][Si](CCC1=CC=C([B-](C3=CC=CC=C3)(C4=CC=CC=C4)C2=CC=CC=C2)C=C1)(O[Mg])C.[Mg][Si](CCCOC(O1)COC1=O)(O[Mg])C,0.95/0.05,,,,,,random,,,,Siloxane borate+borate\n
419,skn45,,,2022-03-16 02:41:32,2022-03-16 02:41:32,,[Mg][Si](CCC1=CC=C([B-](C3=CC=CC=C3)(C4=CC=CC=C4)C2=CC=CC=C2)C=C1)(O[Mg])C.[Mg][Si](CCCOC(O1)COC1=O)(O[Mg])C,0.92/0.08,,,,,,random,,,,Siloxane borate+borate\n
420,skn46,,,2022-03-16 02:41:32,2022-03-16 02:41:32,,[Mg][Si](CCC1=CC=C([B-](C3=CC=CC=C3)(C4=CC=CC=C4)C2=CC=CC=C2)C=C1)(O[Mg])C.[Mg][Si](CCCOC(O1)COC1=O)(O[Mg])C,0.9/0.1,,,,,,random,,,,Siloxane borate+borate\n
421,skn47,,,2022-03-16 02:41:32,2022-03-16 02:41:32,,[Mg][Si](CCOCCOCCOC1=CC=C([B-](C3=CC=CC=C3)(C4=CC=CC=C4)C2=CC=CC=C2)C=C1)(O[Mg])C.[Mg][Si](CCCOC(O1)COC1=O)(O[Mg])C,0.98/0.02,,,,,,random,,,,Siloxane borate+borate\n
422,skn48,,,2022-03-16 02:41:32,2022-03-16 02:41:32,,[Mg][Si](CCOCCOCCOC1=CC=C([B-](C3=CC=CC=C3)(C4=CC=CC=C4)C2=CC=CC=C2)C=C1)(O[Mg])C.[Mg][Si](CCCOC(O1)COC1=O)(O[Mg])C,0.95/0.05,,,,,,random,,,,Siloxane borate+borate\n
423,skn49,,,2022-03-16 02:41:32,2022-03-16 02:41:32,,[Mg][Si](CCOCCOCCOC1=C(F)C(F)=C([B-](C3=C(F)C(F)=C(F)C(F)=C3F)(C4=C(F)C(F)=C(F)C(F)=C4F)C2=C(F)C(F)=C(F)C(F)=C2F)C(F)=C1F)(O[Mg])C.[Mg][Si](CCCOC(O1)COC1=O)(O[Mg])C,0.95/0.05,,,,,,random,,,,Siloxane borate+borate\n
424,skn5,,,2022-03-16 02:41:32,2022-03-16 02:41:32,,[Mg]OCC[Mg].[Mg][Si](C)(O[Mg])C[Ca].O=S(C1=CC=C(C=C1)C([Mg])C[Mg])([N-]S(=O)(C(F)(F)F)=O)=O,4.48/0.56/0.22,,18300.0,11806.451612903225,1.55,,random_comb,,,,Li[PSTFSI-co-MPEGA]\n
425,skn50,,,2022-03-16 02:41:32,2022-03-16 02:41:32,,[Mg]CC(C1=CC=C(S([N-]S(C(F)(F)F)(=O)=O)(=O)=O)C=C1)[Mg].[Mg]OCC[Mg],,3700/35000,,38700.0,,,block,,,,PSTFSILi-b-PEO-b-PSTFSILi\n
426,skn51,,,2022-03-16 02:41:32,2022-03-16 02:41:32,,[Mg]CC(C1=CC=C(S([N-]S(C(F)(F)F)(=O)=O)(=O)=O)C=C1)[Mg].[Mg]OCC[Mg],,7200/35000,,42200.0,,,block,,,,PSTFSILi-b-PEO-b-PSTFSILi\n
427,skn52,,,2022-03-16 02:41:32,2022-03-16 02:41:32,,[Mg]CC(C1=CC=C(S([N-]S(C(F)(F)F)(=O)=O)(=O)=O)C=C1)[Mg].[Mg]OCC[Mg],,9500/35000,,44500.0,,,block,,,,PSTFSILi-b-PEO-b-PSTFSILi\n
428,skn53,,,2022-03-16 02:41:32,2022-03-16 02:41:32,,[Mg]CC(C1=CC=C(S([N-]S(C(F)(F)F)(=O)=O)(=O)=O)C=C1)[Mg].[Mg]OCC[Mg],,15600/35000,,50600.0,,,block,,,,PSTFSILi-b-PEO-b-PSTFSILi\n
429,skn54,,,2022-03-16 02:41:32,2022-03-16 02:41:32,,[Mg]CC(C1=CC=C(S([N-]S(C(F)(F)F)(=O)=O)(=O)=O)C=C1)[Mg].[Mg]OCC[Mg],,16400/35000,,61400.0,,,block,,,,PSTFSILi-b-PEO-b-PSTFSILi\n
430,skn6,,,2022-03-16 02:41:32,2022-03-16 02:41:32,,[Mg]OCC[Mg].[Mg]OC(C)C[Mg],0.68/0.12,,,60000.0,,,random,,,,PEO-r-PPO\n
431,skn8,,,2022-03-16 02:41:32,2022-03-16 02:41:32,,[Mg][Al-](OC(C(C(C(C(O[Mg])=O)(F)F)(F)F)(F)F)=O)(O[Ca])O[Ca].[Mg]OCC[Mg],0.06097561/0.87804878,,,,,,comb,,,,Al-PEG\n
432,skn9,,,2022-03-16 02:41:32,2022-03-16 02:41:32,,[Mg][Al-](OC(C(C(C(C(O[Mg])=O)(F)F)(F)F)(F)F)=O)(O[Ca])O[Ca].[Mg]OCC[Mg],0.0390625/0.921875,,,,,,comb,,,,Al-PEG\n
439,t_BC,,,2022-03-16 02:41:32,2022-03-16 02:41:32,,O=C1OC(C)C(C)O1,,,,,1.0,1.0,,,,,t_BC\n
453,w13,,,2022-03-16 02:41:32,2022-03-16 02:41:32,,[Mg]OCC[Mg],1,,,,,1363.6363636363637,,,,,peo\n
454,w14,,,2022-03-16 02:41:32,2022-03-16 02:41:32,,[Mg]C(F)(F)C(F)(F)OC(F)(F)C(F)(F)S([N-]S([Mg])(=O)=O)(=O)=O,1,,,21000.0,,,,,,,PFSI\n
455,w29,,,2022-03-16 02:41:32,2022-03-16 02:41:32,,[Mg]OCC[Mg],,,,,,,,,,,PEG600\n
