id,ID,subtitle,created_at,updated_at,obtained_date,SMILES,mol_ratio,wt_ratio,Mw,Mn,MwMn,Polymn_deg,Structure,melting_temp,Tg,reference,special_memo
14,1208_1_2,,2022-03-16 02:41:31.369734+00:00,2022-03-16 02:42:14.905744+00:00,,O=S(=O)([N-]S(=O)(=O)C(F)(F)C(F)(F)C(F)(F)C(F)(F)F)C(F)(F)F,,,,,1.0,1.0,,,,,TBTFSI-\n
15,1208_1_SI,,2022-03-16 02:41:31.371557+00:00,2022-03-16 02:41:31.371568+00:00,,[Mg]Oc1ccc(c2ccc([Mg])cc2)cc1.[Mg]Oc1c(C(F)(C(F)(OC(F)(C(F)(S(=O)([N-]S(=O)(C(F)(F)F)=O)=O)F)F)F)F)cc(c2cc(C(F)(C(F)(OC(F)(C(F)(S(=O)([N-]S(=O)(C(F)(F)F)=O)=O)F)F)F)F)c(Oc3ccc(S(=O)(c4ccc([Mg])cc4)=O)cc3)cc2)cc1.[Mg]Oc1c(F)c(F)c(c2c(F)c(F)c([Mg])c(F)c2F)c(F)c1F.[Mg]Oc1c(F)c(F)c(c2c(F)c(F)c(Oc3ccc(S(=O)(c4ccc([Mg])cc4)=O)cc3)c(F)c2F)c(F)c1F,1/37/1/27,,,,,8.0,block_block,,,,SI\n
16,1208_2_H,,2022-03-16 02:41:31.373382+00:00,2022-03-16 02:41:31.373393+00:00,,O=C1C(O)C(O)C(=O)N1CC([Mg])C[Mg],,,,,,,,,,,High molecular weight dopant\n
17,1208_2_L,,2022-03-16 02:41:31.375180+00:00,2022-03-16 02:41:31.375190+00:00,,O=C1C(O)C(O)C(=O)N1CC([Mg])C[Mg],,,,,,,,,,,Low molecular weight dopant\n
18,1208_3_bib,,2022-03-16 02:41:31.376969+00:00,2022-03-16 02:41:31.376980+00:00,,CCCCn2c[n+](CCCC)c1C(=O)O[B-]3(OC(=O)c12)OC(=O)c4c(C(=O)O3)[n+](CCCC)cn4CCCC,,,,,1.0,1.0,,,,,LiBIB\n
19,1208_3_bob,,2022-03-16 02:41:31.378764+00:00,2022-03-16 02:41:31.378774+00:00,,O=C1O[B-]2(OC1=O)OC(=O)C(=O)O2,,,,,1.0,1.0,,,,,LiBOB\nmp>300
20,1208_4_N1222FSI,,2022-03-16 02:41:31.380577+00:00,2022-03-16 02:41:31.380587+00:00,,CC[N+](C)(CC)CC.O=S(=O)(F)[N-]S(=O)(=O)F,,,,,1.0,1.0,,,,,"N1222FSI\nMW400,000-500,000"
21,1208_4_P111i4FSI,,2022-03-16 02:41:31.382379+00:00,2022-03-16 02:41:31.382390+00:00,,CC(C)C[P+](C)(C)C.O=S(=O)(F)[N-]S(=O)(=O)F,,,,,1.0,1.0,,,,,1208_4_P111i4FSI\n
22,1208_4_PIL,,2022-03-16 02:41:31.384209+00:00,2022-03-16 02:41:31.384220+00:00,,C[N+]1(C)CC(C[Mg])C(C[Mg])C1.O=S(=O)([N-]S(=O)(=O)C(F)(F)F)C(F)(F)F,,,500000.0,,,,,,,,"PDADMANTf2\nsynthesized from SiAl 409030 according to ref. 6, J. Power Sources, 2009, 188(2), 558-563"
23,1208_6_C2mpyrFSI,,2022-03-16 02:41:31.386012+00:00,2022-03-16 02:41:31.386023+00:00,,CC[N+]1(C)CCCC1.O=S(=O)(F)[N-]S(=O)(=O)F,,,,,1.0,1.0,,,,,C2mpyrFSI\n
24,1208_6_C4mpyrFSI,,2022-03-16 02:41:31.387818+00:00,2022-03-16 02:41:31.387829+00:00,,CCCC[N+]1(C)CCCC1.O=S(=O)(F)[N-]S(=O)(=O)F,,,,,1.0,1.0,,,,,C4mpyrFSI\n
25,1208_6_P111i4FSI,,2022-03-16 02:41:31.389632+00:00,2022-03-16 02:41:31.389643+00:00,,CC(C)C[P+](C)(C)C.O=S(=O)(F)[N-]S(=O)(=O)F,,,,,1.0,1.0,,,,,1208_4_P111i4FSI\n
26,1208_6_PDADMAFSI,,2022-03-16 02:41:31.391449+00:00,2022-03-16 02:41:31.391460+00:00,,C[N+]1(C)CC(C[Mg])C(C[Mg])C1.O=S(=O)(F)[N-]S(=O)(=O)F,,,,,,,,,,,PDADMAFSI\n
27,1208_9_ED2003,,2022-03-16 02:41:31.393314+00:00,2022-03-16 02:41:31.393325+00:00,,CC(N)C[Mg].CC([Mg])CO[Mg].[Mg]CCO[Mg].CC([Mg])CO[Mg].N[Mg],1/3/39/3/1,,1900.0,,,,random,,,,ED2003\n
28,1208_9_PAEG,,2022-03-16 02:41:31.395131+00:00,2022-03-16 02:41:31.395142+00:00,,C[Si](C)(C)O[Mg].CCO[Si](CCC[Si](C)([Mg])CO[Mg])(OCC)O[Si](CCCOCC(O)CN[Mg])(OC)OC.CC([Mg])CO[Mg].[Mg]CCO[Mg].CC([Mg])CO[Mg].CO[Si](CCCOCC(O)CNC(C)C[Mg])(OC)OC.C[Si](C)(C)[Mg],1/38/114/1482/114/38/1,,,,,,comb,,,,PAEG\n
29,1208nedo1_Amy_MeO_NCO,,2022-03-16 02:41:31.396975+00:00,2022-03-16 02:41:31.396986+00:00,,[H][C@]3([Mg])[C@@H](COC(=O)Nc1c(OC)cccc1OC)O[C@@]([H])(O[Mg])[C@H](OC(=O)Nc2c(OC)cccc2OC)[C@H]3OC(=O)Nc4c(OC)cccc4OC,,,,,,,,,,,1208nedo1_Amy_MeO_NCO\n
34,1208nedo1_PVA_MeO_NCO,,2022-03-16 02:41:31.406033+00:00,2022-03-16 02:41:31.406043+00:00,,COc1cccc(OC)c1NC(=O)OC([Mg])C[Mg],,,,,,,,,,,1208nedo1_PVA_MeO_NCO\n
30,1208nedo1_ester_26MeO,,2022-03-16 02:41:31.398788+00:00,2022-03-16 02:41:31.398798+00:00,,COc1cccc(OC)c1OC(=O)c2ccc(C([Mg])C[Mg])cc2,,,,,,,,,,,1208nedo1_ester_26MeO\n
31,1208nedo1_ester_2MeO,,2022-03-16 02:41:31.400619+00:00,2022-03-16 02:41:31.400630+00:00,,COc1ccccc1OC(=O)c2ccc(C([Mg])C[Mg])cc2,,,,,,,,,,,1208nedo1_ester_2MeO\n
32,1208nedo1_peo,,2022-03-16 02:41:31.402416+00:00,2022-03-16 02:41:31.402426+00:00,,[Mg]OCC[Mg],,,,,,,,,,,1208nedo1_peo\n
33,1208nedo1_polyGlu(dma),,2022-03-16 02:41:31.404224+00:00,2022-03-16 02:41:31.404235+00:00,,COc1cccc(OC)c1NC(=O)CCC(C(=O)[Mg])N(C)[Mg],,,,,,,,,,,1208nedo1_polyGlu(dma)\n
35,1208nedo1_thioamide_26MeO,,2022-03-16 02:41:31.407853+00:00,2022-03-16 02:41:31.407864+00:00,,COc1cccc(OC)c1NC(=S)c2ccc(C([Mg])C[Mg])cc2,,,,,,,,,,,1208nedo1_thioamide_26MeO\n
36,1208nedo1_thioamide_2MeO,,2022-03-16 02:41:31.409648+00:00,2022-03-16 02:41:31.409658+00:00,,COc1ccccc1NC(=S)c2ccc(C([Mg])C[Mg])cc2,,,,,,,,,,,1208nedo1_thioamide_2MeO\n
37,1208nedo1_thioamide_2MeS,,2022-03-16 02:41:31.411466+00:00,2022-03-16 02:41:31.411477+00:00,,CSc1ccccc1NC(=S)c2ccc(C([Mg])C[Mg])cc2,,,,,,,,,,,1208nedo1_thioamide_2MeS\n
38,1208nedo2_26(OEtOEt),,2022-03-16 02:41:31.413259+00:00,2022-03-16 02:41:31.413269+00:00,,CCOCCOc1cccc(OCCOCC)c1NC(=O)c2ccc(C([Mg])C[Mg])cc2,,,,,,,,,,,1208nedo2_26(OEtOEt)\n
40,1208nedo3_PBCD,,2022-03-16 02:41:31.416923+00:00,2022-03-16 02:41:31.416933+00:00,,Cc3cc(C)c(B2OC1C([Mg])C(CO[Si](C)(C)C(C)(C)C)OC(O[Mg])C1O2)c(C)c3,,,,,,8.0,,,,,1208nedo3_PBCD\nsee fig3
39,1208nedo3_fig9IL,,2022-03-16 02:41:31.415090+00:00,2022-03-16 02:41:31.415101+00:00,,CC[N+](C=C1)=CN1CCCOC(C(C[Mg])[Mg])=O.FC(F)(S(=O)([N-]S(=O)(C(F)(F)F)=O)=O)F,1/1,,,,,,,,,,1208nedo3_fig9IL\n
41,1208nedo3_poly(mdmb),,2022-03-16 02:41:31.418727+00:00,2022-03-16 02:41:31.418738+00:00,,Cc1cc(C)c(B([Mg])[Mg])c(C)c1,,,,,,,,,,,1208nedo3_poly(mdmb)\n
42,1208nedo3_poly(tmb),,2022-03-16 02:41:31.420536+00:00,2022-03-16 02:41:31.420547+00:00,,[Mg]B([Mg])[Mg],,,,,,,,,,,1208nedo3_poly(tmb)\n
43,1208nedo3_poly(tmos),,2022-03-16 02:41:31.422336+00:00,2022-03-16 02:41:31.422346+00:00,,O[Si]([Mg])(O[Mg])O[Mg],,,,,,,,,,,1208nedo3_poly(tmos)\n
6,12s,,2022-03-16 02:41:31.355279+00:00,2022-03-16 02:41:31.355290+00:00,,CC1=CC(C)=CC(C)=C1B(CCC[Mg])C[Mg].[Mg]OCC[Mg],1/4,,,,,,block,,,,PEO3+borane\n
7,13s,,2022-03-16 02:41:31.357084+00:00,2022-03-16 02:41:31.357094+00:00,,CC1=CC(C)=CC(C)=C1B(CCC[Mg])C[Mg].[Mg]OCC[Mg],1/5,,,,,,block,,,,PEO4+borane\n
44,14851-1-1-1_PEG,,2022-03-16 02:41:31.424140+00:00,2022-03-16 02:41:31.424151+00:00,,[Mg]OCC[Mg],,,10000.0,,,,,,,,PEG\n
8,14s,,2022-03-16 02:41:31.358880+00:00,2022-03-16 02:42:27.997744+00:00,,[Mg]B(C1=C(C=C(C=C1C)C)C)[Mg].[Mg]OCC[Mg],1/5,,,,,,block,,,,PEO4+borane2\n
9,15s,,2022-03-16 02:41:31.360702+00:00,2022-03-16 02:41:31.360713+00:00,,O=C(OCC)C1=CC=CC=C1C(OCC)=O,,,,,1.0,1.0,,,,,dioxyphthalate（Diethyl Phthalate？\n
10,16s,,2022-03-16 02:41:31.362497+00:00,2022-03-16 02:41:31.362508+00:00,,[Mg]OCC[Mg].[Mg]CC(C)(C(OCC[Ca])=O)[Mg],5/1,,,,,,comb,,,,PPEGMA\n
1,1s,a,2022-03-16 02:25:22+00:00,2022-03-16 02:41:31.326744+00:00,,[Mg]OCC[Mg],,,600000.0,,,13621.0,,,,,PEO600000\n
152,2-MeTHF,,2022-03-16 02:41:31.718561+00:00,2022-03-16 02:41:31.718571+00:00,,CC1CCCO1,,,,,1.0,1.0,,,,,2-MeTHF\n
46,20190319_3_salt1,,2022-03-16 02:41:31.427763+00:00,2022-03-16 02:41:31.427774+00:00,,O=S(C(F)(F)C1=CC=CC=C1)([N-]S(=O)(C(F)(F)F)=O)=O,,,,,1.0,1.0,,,,,20190319_3_salt1\n
47,20190319_3_salt2,,2022-03-16 02:41:31.429572+00:00,2022-03-16 02:41:31.429582+00:00,,O=S([N-]S(=O)(C(F)(F)F)=O)(C(F)(F)C(F)(F)C1=CC=CC=C1)=O,,,,,1.0,1.0,,,,,20190319_3_salt2\n
48,20190319_4_BEP,,2022-03-16 02:41:31.431449+00:00,2022-03-16 02:41:31.431460+00:00,,[Ca]B([Ca])[Ca].[Mg]CCO[Mg],1/18,,,,1.0,1.0,,,,,20190319_4_BEP\n
49,20190319_4_DL1,,2022-03-16 02:41:31.433273+00:00,2022-03-16 02:41:31.433284+00:00,,O=S(C1=CC(S(=O)([N-]S(=O)(C(F)(F)F)=O)=O)=CC=C1)([N-]S(=O)(C(F)(F)F)=O)=O,,,,,1.0,1.0,,,,,20190319_4_DL1\n
50,20190319_5_LiTPSM,,2022-03-16 02:41:31.435098+00:00,2022-03-16 02:41:31.435108+00:00,,FC(F)(C(F)(OC(F)(C(F)(S(=O)([N-]S(=O)(C(F)(F)F)=O)=O)F)F)F)F,,,,,1.0,1.0,,,,,0\n
51,20190319_5_LiTPSN,,2022-03-16 02:41:31.436934+00:00,2022-03-16 02:41:31.436945+00:00,,FC(F)(C(F)(OC(F)(C(F)(S(=O)([O-])=O)F)F)F)F,,,,,1.0,1.0,,,,,0\n
52,20190319_5_NPC,,2022-03-16 02:41:31.438762+00:00,2022-03-16 02:41:31.438773+00:00,,[Mg]OCC[Mg].[Ca]CCOCC(CO[Ca])=C,44/1,,73470.0,26740.0,,,crosslinked,,,,0\n
53,20190319_5_POE,,2022-03-16 02:41:31.440590+00:00,2022-03-16 02:41:31.440600+00:00,,[Mg]OCC[Mg],,,300000.0,,,,,,,,0\n
54,20190319_5_salt1,,2022-03-16 02:41:31.442397+00:00,2022-03-16 02:41:31.442408+00:00,,FC(F)(C(F)(S([O-])(=O)=O)F)SC1=CC=C(OC/C=C/COCCOC)C=C1,,,,,1.0,1.0,,,,,0\n
55,20190319_5_salt2n1,,2022-03-16 02:41:31.444235+00:00,2022-03-16 02:41:31.444246+00:00,,[Mg]OCC[Mg].[Ca]OC1=CC=C(SC(F)(C(F)(S([O-])(=O)=O)F)F)C=C1,1/1,,,,1.0,1.0,,,,,0\n
56,20190319_5_salt2n16,,2022-03-16 02:41:31.446065+00:00,2022-03-16 02:41:31.446076+00:00,,[Mg]OCC[Mg].[Ca]OC1=CC=C(SC(F)(C(F)(S([O-])(=O)=O)F)F)C=C1,16/1,,,,1.0,1.0,,,,,0\n
57,20190319_5_salt2n3,,2022-03-16 02:41:31.447898+00:00,2022-03-16 02:41:31.447908+00:00,,[Mg]OCC[Mg].[Ca]OC1=CC=C(SC(F)(C(F)(S([O-])(=O)=O)F)F)C=C1,3/1,,,,1.0,1.0,,,,,0\n
58,20190319_5_salt2n7,,2022-03-16 02:41:31.449734+00:00,2022-03-16 02:41:31.449744+00:00,,[Mg]OCC[Mg].[Ca]OC1=CC=C(SC(F)(C(F)(S([O-])(=O)=O)F)F)C=C1,7/1,,,,1.0,1.0,,,,,0\n
59,20190319_5_salt3n1,,2022-03-16 02:41:31.451547+00:00,2022-03-16 02:41:31.451557+00:00,,FC(F)(C(F)(OC(F)(C(F)(S(=O)([O-])=O)F)F)F)CC(I)COCCOC,,,,,1.0,1.0,,,,,0\n
60,20190319_5_salt4n1,,2022-03-16 02:41:31.453373+00:00,2022-03-16 02:41:31.453384+00:00,,[Mg]OCC[Mg].FC(F)(C(F)(OC(F)(C(F)(S(=O)([O-])=O)F)F)F)CCCO[Ca],1/1,,,,1.0,1.0,,,,,0\n
61,20190319_5_salt4n3,,2022-03-16 02:41:31.455206+00:00,2022-03-16 02:41:31.455217+00:00,,[Mg]OCC[Mg].FC(F)(C(F)(OC(F)(C(F)(S(=O)([O-])=O)F)F)F)CCCO[Ca],3/1,,,,1.0,1.0,,,,,0\n
62,20190319_5_salt5n3,,2022-03-16 02:41:31.457029+00:00,2022-03-16 02:41:31.457040+00:00,,[Mg]OCC[Mg].FC(F)(C(F)(OC(F)(C(F)(S(=O)([N-]S(=O)(C(F)(F)F)=O)=O)F)F)F)CCCO[Ca],3/1,,,,1.0,1.0,,,,,0\n
63,20190319_6_PEO,,2022-03-16 02:41:31.458837+00:00,2022-03-16 02:41:31.458848+00:00,,[Mg]OCC[Mg],,,300000.0,,,,,,,,PEO\n
66,20190321_sc10_PAA,,2022-03-16 02:41:31.464308+00:00,2022-03-16 02:41:31.464319+00:00,,[Mg]CC(CN)[Mg].Cl,1/1,,20000.0,12000.0,,,,,,,20190321_sc10_PAA\n
67,20190321_sc10_PEO,,2022-03-16 02:41:31.466127+00:00,2022-03-16 02:41:31.466138+00:00,,[Mg]CCO[Mg],,,4000000.0,,,,,,,,20190321_sc10_PEO\n
68,20190321_sc11_MIM,,2022-03-16 02:41:31.467950+00:00,2022-03-16 02:41:31.467961+00:00,,[Mg]CC(C1=CC=C(C(C)(C)C)C=C1)[Mg].[Mg]CC[Mg].[Mg]CC(C)[Mg].[Mg]CC(C1=CC=C(C[N+]2(C)CCCC2)C=C1)[Mg].FC(F)(F)S([N-]S(=O)(C(F)(F)F)=O)(=O)=O,0.2059/0.4813/0.3208/0.135/0.135,,,,,1143.0,co,,,,20190321_sc11_MIM\n
69,20190321_sc11_Mpyr,,2022-03-16 02:41:31.469757+00:00,2022-03-16 02:41:31.469768+00:00,,[Mg]CC(C1=CC=C(C(C)(C)C)C=C1)[Mg].[Mg]CC[Mg].[Mg]CC(C)[Mg].[Mg]CC(C1=CC=C(C[N+]2(C)CCCC2)C=C1)[Mg].FC(F)(F)S([N-]S(=O)(C(F)(F)F)=O)(=O)=O,0.2059/0.4813/0.3208/0.135/0.135,,,,,1143.0,co,,,,20190321_sc11_Mpyr\n
70,20190321_sc12_exPTHF,,2022-03-16 02:41:31.471577+00:00,2022-03-16 02:41:31.471588+00:00,,[Mg]CCCCO[Mg],,,1800.0,,,,,,,,20190321_sc12_exPTHF\n
64,20190321_sc1_IL,,2022-03-16 02:41:31.460648+00:00,2022-03-16 02:41:31.460658+00:00,,C[N+](CC)(C)CC.O=S([N-]S(=O)(F)=O)(F)=O,,,,,1.0,1.0,,,,,20190321_sc1_IL\n
65,20190321_sc1_PIL,,2022-03-16 02:41:31.462483+00:00,2022-03-16 02:41:31.462494+00:00,,[Mg]CC1C[N+](C)(C)CC1C[Mg].O=S([N-]S(=O)(C(F)(F)F)=O)(C(F)(F)F)=O,,,,,,2140.0,,,,,20190321_sc1_PIL\n
71,20190321_sc4,,2022-03-16 02:41:31.473409+00:00,2022-03-16 02:41:31.473420+00:00,,[Mg]=CC(C(C1=O)C2C(N1[Ca])=O)OC2C=[Mg].[Mg]OCC[Mg],1/12,,,,,300.0,,,,,20190321_sc4\n
72,20190321_sc5,,2022-03-16 02:41:31.475240+00:00,2022-03-16 02:41:31.475251+00:00,,[Mg]C1=CC=C(N=C([Mg])[N-]2)C2=C1.CCB(CC)CC,1/1,,,,,20.0,,,,,20190321_sc5\n
73,20190321_sc5_bmimtfsi,,2022-03-16 02:41:31.477075+00:00,2022-03-16 02:41:31.477086+00:00,,C[N+](C=C1)=CN1CCCC.O=S([N-]S(=O)(C(F)(F)F)=O)(C(F)(F)F)=O,1/1,,,,1.0,1.0,,,,,20190321_sc5_bmimtfsi\n
74,20190321_sc6_LiDTFSI,,2022-03-16 02:41:31.478882+00:00,2022-03-16 02:41:31.478893+00:00,,O=S([N-]S(=O)(C(F)(F)[H])=O)(C([H])(F)F)=O,,,,,1.0,1.0,,,,,20190321_sc6_LiDTFSI\n
75,20190321_sc6_LiMSI,,2022-03-16 02:41:31.480688+00:00,2022-03-16 02:41:31.480699+00:00,,O=S([N-]S(=O)(C([H])([H])[H])=O)(C([H])([H])[H])=O,,,,,1.0,1.0,,,,,20190321_sc6_LiMSI\n
76,20190321_sc6_LiMTFSI,,2022-03-16 02:41:31.482487+00:00,2022-03-16 02:41:31.482498+00:00,,O=S([N-]S(=O)(C(F)([H])[H])=O)(C([H])([H])F)=O,,,,,1.0,1.0,,,,,20190321_sc6_LiMTFSI\n
77,20190321_sc6_PEO,,2022-03-16 02:41:31.484293+00:00,2022-03-16 02:41:31.484304+00:00,,[Mg]OCC[Mg],,,5000000.0,,,,,,,,20190321_sc6_PEO\n
78,20190321_sc7,,2022-03-16 02:41:31.486109+00:00,2022-03-16 02:41:31.486120+00:00,,[Mg]CC(COCCCSCCCS(=O)([O-])=O)O[Mg],,,,,,87.0,,,,,20190321_sc7\n
79,20190321_sc8,,2022-03-16 02:41:31.487942+00:00,2022-03-16 02:41:31.487953+00:00,,[Mg]OCCCCCC([Mg])=O,,,,50000.0,,,,,,,20190321_sc8\n
80,20190323_4_pol,,2022-03-16 02:41:31.489743+00:00,2022-03-16 02:41:31.489754+00:00,,[Mg]CC1C(C[Mg])C[N+](C)(C)C1.O=S([N-]S(C(F)(F)F)(=O)=O)(C(F)(F)F)=O,,,,,,2785.0,,,,,20190323_4_pol\n
90,20190325_12,,2022-03-16 02:41:31.507993+00:00,2022-03-16 02:41:31.508003+00:00,,O=C(OCC(COC(CS[Mg])=O)(COC(CS[Mg])=O)COC(CS[Mg])=O)CS[Mg].[Mg]CCC1C(O[B-](OC(C2C[Mg])=O)(OC2=O)OC1=O)=O,1/4,,,,,,crosslinked,,,,20190325_12\n
91,20190325_13_PEGBC,,2022-03-16 02:41:31.509801+00:00,2022-03-16 02:41:31.509811+00:00,,OCCOC(NCCCOCCOCCOCCCNC(CCO)=O)=O,,,,,1.0,1.0,,,,,20190325_13_PEGBC\n
92,20190325_13_PEGBCDMA,,2022-03-16 02:41:31.511618+00:00,2022-03-16 02:41:31.511629+00:00,,O=C(NCCCOCCOCCOCCCNC(CCOC(C([Mg])(C[Mg])C)=O)=O)OCCOC(C(C[Mg])([Mg])C)=O,,,,,,,crosslinked,,,,20190325_13_PEGBCDMA\n
81,20190325_1_1,,2022-03-16 02:41:31.491570+00:00,2022-03-16 02:41:31.491581+00:00,,[Mg]CC(C1=CC=C(S([N-]S(C(F)(F)F)(=O)=O)(=O)=O)C=C1)[Mg].O=S(CCCN1C=C[N+](C([Mg])C[Mg])=C1)([O-])=O.[Mg]CCO[Mg].[Mg]CC(C(O[Ca])=O)(C)[Mg],,2.96184947128343/2.03815052871657/53.378/11.622,,,,,,,,,20190325_1_1\n
82,20190325_1_2,,2022-03-16 02:41:31.493386+00:00,2022-03-16 02:41:31.493397+00:00,,[Mg]CC(C1=CC=C(S([N-]S(C(F)(F)F)(=O)=O)(=O)=O)C=C1)[Mg].O=S(CCCN1C=C[N+](C([Mg])C[Mg])=C1)([O-])=O.[Mg]CCO[Mg].[Mg]CC(C(O[Ca])=O)(C)[Mg],,5.92369894256687/4.07630105743313/49.272/10.728,,,,,crosslinked,,,,20190325_1_2\n
83,20190325_1_3,,2022-03-16 02:41:31.495207+00:00,2022-03-16 02:41:31.495217+00:00,,[Mg]CC(C1=CC=C(S([N-]S(C(F)(F)F)(=O)=O)(=O)=O)C=C1)[Mg].O=S(CCCN1C=C[N+](C([Mg])C[Mg])=C1)([O-])=O.[Mg]CCO[Mg].[Mg]CC(C(O[Ca])=O)(C)[Mg],,11.8473978851337/8.15260211486627/41.06/8.94,,,,,,,,,20190325_1_3\n
84,20190325_1_4,,2022-03-16 02:41:31.497068+00:00,2022-03-16 02:41:31.497079+00:00,,[Mg]CC(C1=CC=C(S([N-]S(C(F)(F)F)(=O)=O)(=O)=O)C=C1)[Mg].O=S(CCCN1C=C[N+](C([Mg])C[Mg])=C1)([O-])=O.[Mg]CCO[Mg].[Mg]CC(C(O[Ca])=O)(C)[Mg],,2.96184947128343/2.03815052871657/45.166/9.834,,,,,,,,,20190325_1_4\n
85,20190325_1_5,,2022-03-16 02:41:31.498891+00:00,2022-03-16 02:41:31.498902+00:00,,[Mg]CC(C1=CC=C(S([N-]S(C(F)(F)F)(=O)=O)(=O)=O)C=C1)[Mg].O=S(CCCN1C=C[N+](C([Mg])C[Mg])=C1)([O-])=O.[Mg]CCO[Mg].[Mg]CC(C(O[Ca])=O)(C)[Mg],,5.92369894256687/4.07630105743313/41.06/8.94,,,,,,,,,20190325_1_5\n
86,20190325_1_6,,2022-03-16 02:41:31.500710+00:00,2022-03-16 02:41:31.500721+00:00,,[Mg]CC(C1=CC=C(S([N-]S(C(F)(F)F)(=O)=O)(=O)=O)C=C1)[Mg].O=S(CCCN1C=C[N+](C([Mg])C[Mg])=C1)([O-])=O.[Mg]CCO[Mg].[Mg]CC(C(O[Ca])=O)(C)[Mg],,8.8855484138503/6.1144515861497/36.954/8.046,,,,,,,,,20190325_1_6\n
87,20190325_1_7,,2022-03-16 02:41:31.502523+00:00,2022-03-16 02:41:31.502534+00:00,,[Mg]CC(C1=CC=C(S([N-]S(C(F)(F)F)(=O)=O)(=O)=O)C=C1)[Mg].O=S(CCCN1C=C[N+](C([Mg])C[Mg])=C1)([O-])=O.[Mg]CCO[Mg].[Mg]CC(C(O[Ca])=O)(C)[Mg],,2.96184947128343/2.03815052871657/36.954/8.046,,,,,,,,,20190325_1_7\n
88,20190325_1_8,,2022-03-16 02:41:31.504357+00:00,2022-03-16 02:41:31.504368+00:00,,[Mg]CC(C1=CC=C(S([N-]S(C(F)(F)F)(=O)=O)(=O)=O)C=C1)[Mg].O=S(CCCN1C=C[N+](C([Mg])C[Mg])=C1)([O-])=O.[Mg]CCO[Mg].[Mg]CC(C(O[Ca])=O)(C)[Mg],,5.92369894256687/4.07630105743313/32.848/7.15199999999999,,,,,,,,,20190325_1_8\n
89,20190325_1_9,,2022-03-16 02:41:31.506187+00:00,2022-03-16 02:41:31.506198+00:00,,[Mg]CC(C1=CC=C(S([N-]S(C(F)(F)F)(=O)=O)(=O)=O)C=C1)[Mg].O=S(CCCN1C=C[N+](C([Mg])C[Mg])=C1)([O-])=O.[Mg]CCO[Mg].[Mg]CC(C(O[Ca])=O)(C)[Mg],,8.8855484138503/6.1144515861497/28.742/6.258,,,,,,,,,20190325_1_9\n
93,20190325_7_il,,2022-03-16 02:41:31.513421+00:00,2022-03-16 02:41:31.513432+00:00,,C[N+]1(CCCC1)CCCC.O=S([N-]S(=O)(F)=O)(F)=O,,,,,1.0,1.0,,,,,20190325_7_il\n
94,20190325_7_peo,,2022-03-16 02:41:31.515239+00:00,2022-03-16 02:41:31.515249+00:00,,[Mg]OCC[Mg],,,1000000.0,,,,,,,,20190325_7_peo\n
107,20190326_10_DBP,,2022-03-16 02:41:31.539014+00:00,2022-03-16 02:41:31.539025+00:00,,O=C(OCCCC)C1=C(C(CCCC)=O)C=CC=C1,,,,,1.0,1.0,,,,,20190326_10_DBP\n
108,20190326_10_DOA,,2022-03-16 02:41:31.540823+00:00,2022-03-16 02:41:31.540834+00:00,,O=C(OCCCCCCCC)CCCCC(OCCCCCCCC)=O,,,,,1.0,1.0,,,,,20190326_10_DOA\n
109,20190326_10_PVC,,2022-03-16 02:41:31.542625+00:00,2022-03-16 02:41:31.542636+00:00,,[Mg]CC(Cl)[Mg],,,,,,1000.0,,,,,20190326_10_PVC\n
110,20190326_13_PVDF,,2022-03-16 02:41:31.544430+00:00,2022-03-16 02:41:31.544440+00:00,,FC([Mg])(C[Mg])F,,,275000.0,,,,,,,,20190326_13_PVDF\n
95,20190326_1_P_LiMEGnB_14,,2022-03-16 02:41:31.517045+00:00,2022-03-16 02:41:31.517055+00:00,,O=C(O[B-](O1)([Mg])O[Mg])CC1=O.[Mg]CCO[Mg],1/14,,,,,,block_block,,,,20190326_1_P_LiMEGnB_14\n
96,20190326_1_P_LiMEGnB_23,,2022-03-16 02:41:31.518847+00:00,2022-03-16 02:41:31.518857+00:00,,O=C(O[B-](O1)([Mg])O[Mg])CC1=O.[Mg]CCO[Mg],1/23,,,,,,block_block,,,,20190326_1_P_LiMEGnB_23\n
97,20190326_1_P_LiMEGnB_5,,2022-03-16 02:41:31.520650+00:00,2022-03-16 02:41:31.520661+00:00,,O=C(O[B-](O1)([Mg])O[Mg])CC1=O.[Mg]CCO[Mg],1/5,,,,,,block_block,,,,20190326_1_P_LiMEGnB_5\n
98,20190326_1_P_LiMEGnB_9,,2022-03-16 02:41:31.522728+00:00,2022-03-16 02:41:31.522739+00:00,,O=C(O[B-](O1)([Mg])O[Mg])CC1=O.[Mg]CCO[Mg],1/9,,,,,,block_block,,,,20190326_1_P_LiMEGnB_9\n
99,20190326_1_P_LiOEGnB__14,,2022-03-16 02:41:31.524547+00:00,2022-03-16 02:41:31.524558+00:00,,O=C1O[B-](OC1=O)([Mg])O[Mg].[Mg]CCO[Mg],1/14,,,,,,block_block,,,,20190326_1_P_LiOEGnB__14\n
100,20190326_1_P_LiOEGnB__23,,2022-03-16 02:41:31.526353+00:00,2022-03-16 02:41:31.526363+00:00,,O=C1O[B-](OC1=O)([Mg])O[Mg].[Mg]CCO[Mg],1/23,,,,,,block_block,,,,20190326_1_P_LiOEGnB__23\n
101,20190326_1_P_LiOEGnB__3,,2022-03-16 02:41:31.528163+00:00,2022-03-16 02:42:33.782058+00:00,,O=C1O[B-](OC1=O)([Mg])O[Mg].[Mg]CCO[Mg],1/3,,,,,,block_block,,,,20190326_1_P_LiOEGnB__3\n
102,20190326_1_P_LiOEGnB__5,,2022-03-16 02:41:31.529968+00:00,2022-03-16 02:41:31.529978+00:00,,O=C1O[B-](OC1=O)([Mg])O[Mg].[Mg]CCO[Mg],1/5,,,,,,block_block,,,,20190326_1_P_LiOEGnB__5\n
103,20190326_1_P_LiOEGnB__9,,2022-03-16 02:41:31.531779+00:00,2022-03-16 02:41:31.531790+00:00,,O=C1O[B-](OC1=O)([Mg])O[Mg].[Mg]CCO[Mg],1/9,,,,,,block_block,,,,20190326_1_P_LiOEGnB__9\n
104,20190326_1_P_LiOPGnB_13,,2022-03-16 02:41:31.533580+00:00,2022-03-16 02:41:31.533591+00:00,,O=C1O[B-](OC1=O)([Mg])O[Mg].[Mg]CCO[Mg],1/13,,,,,,block_block,,,,20190326_1_P_LiOPGnB_13\n
105,20190326_1_P_LiOPGnB_17,,2022-03-16 02:41:31.535401+00:00,2022-03-16 02:41:31.535412+00:00,,O=C1O[B-](OC1=O)([Mg])O[Mg].[Mg]CCO[Mg],1/17,,,,,,block_block,,,,20190326_1_P_LiOPGnB_17\n
106,20190326_1_P_LiOPGnB_7,,2022-03-16 02:41:31.537208+00:00,2022-03-16 02:41:31.537218+00:00,,O=C1O[B-](OC1=O)([Mg])O[Mg].[Mg]CCO[Mg],1/7,,,,,,block_block,,,,20190326_1_P_LiOPGnB_7\n
111,20190326_2_LiBCPEG_14,,2022-03-16 02:41:31.546227+00:00,2022-03-16 02:41:31.546238+00:00,,[Mg][P-]12(OC3=C(C=CC=C3)O2)(O[Mg])OC4=C(C=CC=C4)O1.[Mg]CCO[Mg],1/14,,,,,,block_block,,,,20190326_2_LiBCPEG_14\n
112,20190326_2_LiBOPEG_14,,2022-03-16 02:41:31.548063+00:00,2022-03-16 02:41:31.548073+00:00,,[Mg][P-](OC1=O)(OC1=O)(OC2=O)(OC2=O)O[Mg].[Mg]CCO[Mg],1/14,,,,,,block_block,,,,20190326_2_LiBOPEG_14\n
113,20190326_2_LiBOPEG_3,,2022-03-16 02:41:31.549869+00:00,2022-03-16 02:41:31.549880+00:00,,[Mg][P-](OC1=O)(OC1=O)(OC2=O)(OC2=O)O[Mg].[Mg]CCO[Mg],1/3,,,,,,block_block,,,,20190326_2_LiBOPEG_3\n
114,20190326_2_LiBOPEG_5,,2022-03-16 02:41:31.551683+00:00,2022-03-16 02:41:31.551693+00:00,,[Mg][P-](OC1=O)(OC1=O)(OC2=O)(OC2=O)O[Mg].[Mg]CCO[Mg],1/5,,,,,,block_block,,,,20190326_2_LiBOPEG_5\n
115,20190326_2_LiBOPEG_9,,2022-03-16 02:41:31.615483+00:00,2022-03-16 02:41:31.615496+00:00,,[Mg][P-](OC1=O)(OC1=O)(OC2=O)(OC2=O)O[Mg].[Mg]CCO[Mg],1/9,,,,,,block_block,,,,20190326_2_LiBOPEG_9\n
116,20190326_2_LiBOPPG_13,,2022-03-16 02:41:31.617568+00:00,2022-03-16 02:41:31.617579+00:00,,[Mg][P-](OC1=O)(OC1=O)(OC2=O)(OC2=O)O[Mg].[Mg]CC(C)O[Mg],1/13,,,,,,block_block,,,,20190326_2_LiBOPPG_13\n
117,20190326_2_LiBOPPG_17,,2022-03-16 02:41:31.619437+00:00,2022-03-16 02:41:31.619448+00:00,,[Mg][P-](OC1=O)(OC1=O)(OC2=O)(OC2=O)O[Mg].[Mg]CC(C)O[Mg],1/17,,,,,,block_block,,,,20190326_2_LiBOPPG_17\n
118,20190326_2_LiBOPPG_7,,2022-03-16 02:41:31.621267+00:00,2022-03-16 02:41:31.621278+00:00,,[Mg][P-](OC1=O)(OC1=O)(OC2=O)(OC2=O)O[Mg].[Mg]CC(C)O[Mg],1/7,,,,,,block_block,,,,20190326_2_LiBOPPG_7\n
119,20190326_3_LiPSBC,,2022-03-16 02:41:31.623124+00:00,2022-03-16 02:41:31.623135+00:00,,[Mg][Si]([H])(CCCOCC(O1)COC1=O)O[Mg].[Mg][Si]([H])(CCC2=CC=C([B-](C3=CC=CC=C3)(C4=CC=CC=C4)C5=CC=CC=C5)C=C2)O[Mg],,,,,,30.0,random,,,,20190326_3_LiPSBC\n
120,20190326_3_LiPSBC_PSC,,2022-03-16 02:41:31.624958+00:00,2022-03-16 02:41:31.624969+00:00,,[Mg][Si]([H])(CCCOCC(O1)COC1=O)O[Mg],,,,,,30.0,,,,,20190326_3_LiPSBC_PSC\n
121,20190326_3_PEG,,2022-03-16 02:41:31.626794+00:00,2022-03-16 02:41:31.626805+00:00,,[Mg]CCO[Mg],,,600.0,,,,,,,,20190326_3_PEG\n
122,20190326_4_FA_DE,,2022-03-16 02:41:31.628625+00:00,2022-03-16 02:41:31.628636+00:00,,[Mg][Al-](OC1=CC=CO1)(SCCOCCS[Mg])OC2=CC=CO2,,,,,,,,,,,20190326_4_FA_DE\n
123,20190326_4_FA_DS,,2022-03-16 02:41:31.630434+00:00,2022-03-16 02:41:31.630444+00:00,,[Mg][Al-](OC1=CC=CO1)(SCCSCCS[Mg])OC2=CC=CO2,,,,,,,,,,,20190326_4_FA_DS\n
124,20190326_4_FA_ES,,2022-03-16 02:41:31.632255+00:00,2022-03-16 02:41:31.632265+00:00,,[Mg][Al-](OC1=CC=CO1)(SCCS[Mg])OC2=CC=CO2,,,,,,,,,,,20190326_4_FA_ES\n
125,20190326_4_FA_OEG1,,2022-03-16 02:41:31.634065+00:00,2022-03-16 02:41:31.634076+00:00,,[Mg][Al-](OC1=CC=CO1)(O[Mg])OC2=CC=CO2.[Mg]CCO[Mg],1/1,,,,,,block_block,,,,20190326_4_FA_OEG1\n
126,20190326_4_FA_OEG2,,2022-03-16 02:41:31.635911+00:00,2022-03-16 02:41:31.635921+00:00,,[Mg][Al-](OC1=CC=CO1)(O[Mg])OC2=CC=CO2.[Mg]CCO[Mg],1/2,,,,,,block_block,,,,20190326_4_FA_OEG2\n
127,20190326_4_FA_OEG3,,2022-03-16 02:41:31.637722+00:00,2022-03-16 02:41:31.637732+00:00,,[Mg][Al-](OC1=CC=CO1)(O[Mg])OC2=CC=CO2.[Mg]CCO[Mg],1/3,,,,,,block_block,,,,20190326_4_FA_OEG3\n
128,20190326_4_FA_OEG4,,2022-03-16 02:41:31.639541+00:00,2022-03-16 02:41:31.639552+00:00,,[Mg][Al-](OC1=CC=CO1)(O[Mg])OC2=CC=CO2.[Mg]CCO[Mg],1/4.1,,,,,,block_block,,,,20190326_4_FA_OEG4\n
129,20190326_4_FA_OEG6,,2022-03-16 02:41:31.641360+00:00,2022-03-16 02:41:31.641370+00:00,,[Mg][Al-](OC1=CC=CO1)(O[Mg])OC2=CC=CO2.[Mg]CCO[Mg],1/6.4,,,,,,block_block,,,,20190326_4_FA_OEG6\n
130,20190326_4_FA_OEG9,,2022-03-16 02:41:31.643171+00:00,2022-03-16 02:41:31.643182+00:00,,[Mg][Al-](OC1=CC=CO1)(O[Mg])OC2=CC=CO2.[Mg]CCO[Mg],1/8.7,,,,,,block_block,,,,20190326_4_FA_OEG9\n
131,20190326_4_FM_DE,,2022-03-16 02:41:31.645006+00:00,2022-03-16 02:41:31.645017+00:00,,[Mg][Al-](SC1=CC=CO1)(SCCOCCS[Mg])SC2=CC=CO2,,,,,,,,,,,20190326_4_FM_DE\n
132,20190326_4_FM_DS,,2022-03-16 02:41:31.649531+00:00,2022-03-16 02:41:31.649542+00:00,,[Mg][Al-](SC1=CC=CO1)(SCCSCCS[Mg])SC2=CC=CO2,,,,,,,,,,,20190326_4_FM_DS\n
133,20190326_4_FM_ES,,2022-03-16 02:41:31.651621+00:00,2022-03-16 02:41:31.651632+00:00,,[Mg][Al-](SC1=CC=CO1)(SCCS[Mg])SC2=CC=CO2,,,,,,,,,,,20190326_4_FM_ES\n
134,20190326_4_FM_OEG13,,2022-03-16 02:41:31.655195+00:00,2022-03-16 02:41:31.655212+00:00,,[Mg][Al-](SC1=CC=CO1)(O[Mg])SC2=CC=CO2.[Mg]CCO[Mg],1/13.2,,,,,,block_block,,,,20190326_4_FM_OEG13\n
135,20190326_4_FM_OEG2,,2022-03-16 02:41:31.660835+00:00,2022-03-16 02:41:31.660851+00:00,,[Mg][Al-](SC1=CC=CO1)(O[Mg])SC2=CC=CO2.[Mg]CCO[Mg],1/2,,,,,,block_block,,,,20190326_4_FM_OEG2\n
136,20190326_4_FM_OEG22,,2022-03-16 02:41:31.679107+00:00,2022-03-16 02:41:31.679124+00:00,,[Mg][Al-](SC1=CC=CO1)(O[Mg])SC2=CC=CO2.[Mg]CCO[Mg],1/22.3,,,,,,block_block,,,,20190326_4_FM_OEG22\n
137,20190326_4_FM_OEG3,,2022-03-16 02:41:31.682926+00:00,2022-03-16 02:41:31.682944+00:00,,[Mg][Al-](SC1=CC=CO1)(O[Mg])SC2=CC=CO2.[Mg]CCO[Mg],1/3,,,,,,block_block,,,,20190326_4_FM_OEG3\n
138,20190326_4_FM_OEG35,,2022-03-16 02:41:31.686350+00:00,2022-03-16 02:41:31.686368+00:00,,[Mg][Al-](SC1=CC=CO1)(O[Mg])SC2=CC=CO2.[Mg]CCO[Mg],1/34.6,,,,,,block_block,,,,20190326_4_FM_OEG35\n
139,20190326_4_FM_OEG4,,2022-03-16 02:41:31.689843+00:00,2022-03-16 02:41:31.689861+00:00,,[Mg][Al-](SC1=CC=CO1)(O[Mg])SC2=CC=CO2.[Mg]CCO[Mg],1/4.1,,,,,,block_block,,,,20190326_4_FM_OEG4\n
140,20190326_4_FM_OEG6,,2022-03-16 02:41:31.693182+00:00,2022-03-16 02:41:31.693199+00:00,,[Mg][Al-](SC1=CC=CO1)(O[Mg])SC2=CC=CO2.[Mg]CCO[Mg],1/6.4,,,,,,block_block,,,,20190326_4_FM_OEG6\n
141,20190326_4_FM_OEG9,,2022-03-16 02:41:31.695658+00:00,2022-03-16 02:41:31.695669+00:00,,[Mg][Al-](SC1=CC=CO1)(O[Mg])SC2=CC=CO2.[Mg]CCO[Mg],1/8.7,,,,,,block_block,,,,20190326_4_FM_OEG9\n
142,20190326_4_OGM12_DE,,2022-03-16 02:41:31.697816+00:00,2022-03-16 02:41:31.697827+00:00,,[Mg][Al-](O[Ca])(SCCOCCS[Mg])O[Ca].[Mg]CCO[Mg],1/24.2,,,,,,block_block,,,,20190326_4_OGM12_DE\n
143,20190326_4_OGM2_DE,,2022-03-16 02:41:31.699961+00:00,2022-03-16 02:41:31.699972+00:00,,[Mg][Al-](O[Ca])(SCCOCCS[Mg])O[Ca].[Mg]CCO[Mg],1/4,,,,,,block_block,,,,20190326_4_OGM2_DE\n
144,20190326_4_OGM3_DE,,2022-03-16 02:41:31.701953+00:00,2022-03-16 02:41:31.701963+00:00,,[Mg][Al-](O[Ca])(SCCOCCS[Mg])O[Ca].[Mg]CCO[Mg],1/6,,,,,,block_block,,,,20190326_4_OGM3_DE\n
145,20190326_4_OGM7_DE,,2022-03-16 02:41:31.704102+00:00,2022-03-16 02:41:31.704113+00:00,,[Mg][Al-](O[Ca])(SCCOCCS[Mg])O[Ca].[Mg]CCO[Mg],1/14.4,,,,,,block_block,,,,20190326_4_OGM7_DE\n
146,20190326_5_BP,,2022-03-16 02:41:31.706171+00:00,2022-03-16 02:41:31.706182+00:00,,[Mg]OB1OB(O[Mg])OB(O[Mg])O1.[Mg]CCO[Mg],1/27,,,,,,block_block_crosslinked,,,,20190326_5_BP\n
147,20190326_9_MEEP,,2022-03-16 02:41:31.708230+00:00,2022-03-16 02:41:31.708243+00:00,,[Mg]P(OCCOCCOC)(OCCOCCOC)=N[Mg],,,,,,,,,,,20190326_9_MEEP\n
148,20190326_9_PAN,,2022-03-16 02:41:31.710358+00:00,2022-03-16 02:41:31.710369+00:00,,[Mg]CC(C#N)[Mg],,,,,,,,,,,20190326_9_PAN\n
149,20190326_9_PEO,,2022-03-16 02:41:31.712343+00:00,2022-03-16 02:41:31.712354+00:00,,[Mg]CCO[Mg],,,,,,,,,,,20190326_9_PEO\n
150,20190326_9_PVP,,2022-03-16 02:41:31.714560+00:00,2022-03-16 02:41:31.714571+00:00,,[Mg]CC(N1CCCC1=O)[Mg],,,,,,,,,,,20190326_9_PVP\n
151,22142-11-1-1,,2022-03-16 02:41:31.716734+00:00,2022-03-16 02:41:31.716745+00:00,,[Mg]CC(C#N)[Mg],,,,,,,,,,,polyacrylonitrile\n
11,24s,,2022-03-16 02:41:31.364300+00:00,2022-03-16 02:41:31.364310+00:00,,N#CCCC#N,,,,,1.0,1.0,,,,,SN\n
12,25s,,2022-03-16 02:41:31.366096+00:00,2022-03-16 02:41:31.366107+00:00,,[Mg]OCC[Mg],,,,,,2271.0,,,,,peo1e5\n
45,2_Methyltrimethylene_sulfone,,2022-03-16 02:41:31.425946+00:00,2022-03-16 02:41:31.425956+00:00,,CC1S(CC1)(=O)=O,,,,,1.0,1.0,,,,,2_Methyltrimethylene_sulfone\n
2,2s,a,2022-03-16 02:25:22+00:00,2022-03-16 02:41:31.343520+00:00,,[Mg]OCC[Mg],,,6000000.0,,,136209.0,,,,,PEO6000000\n
154,3-Me-2-Oxozolidinone,,2022-03-16 02:41:31.722231+00:00,2022-03-16 02:41:31.722241+00:00,,O=C1OCCN1C,,,,,1.0,1.0,,,,,3-Me-2-Oxozolidinone\n
155,3-MeSulfolane,,2022-03-16 02:41:31.724056+00:00,2022-03-16 02:41:31.724067+00:00,,O=S1(C(C)CCC1)=O,,,,,1.0,1.0,,,,,3-MeSulfolane\n
153,38319-8-1-1,,2022-03-16 02:41:31.720407+00:00,2022-03-16 02:41:31.720417+00:00,,[Mg]CC(C#N)[Mg],,,150000.0,,,,,,,,polyacrylonitrile\n
3,3s,,2022-03-16 02:41:31.347728+00:00,2022-03-16 02:41:31.347751+00:00,,[Mg]OCC[Mg],,,,,,100000.0,,,,,PEO\n
4,4s,,2022-03-16 02:41:31.351524+00:00,2022-03-16 02:41:31.351546+00:00,,[Mg]OCC[Mg],,,5000000.0,,,113507.0,,,,,PEO5E+6\n
5,5s,,2022-03-16 02:41:31.353429+00:00,2022-03-16 02:41:31.353440+00:00,,[Mg]OCC[Mg],,,5000000.0,4132231.404958678,1.21,113507.0,,,,,PEO5E+6\n
157,Acetonitrile,,2022-03-16 02:41:31.727728+00:00,2022-03-16 02:41:31.727738+00:00,,CC#N,,,,,1.0,1.0,,,,,Acetonitrile\n
160,BBB,,2022-03-16 02:41:31.733201+00:00,2022-03-16 02:41:31.733211+00:00,,C1(C=CC=C2)=C2O[B-]3(OC4=C(C=CC=C4)O3)O1,,,,,1.0,1.0,,,,,BBB\n
161,BBPB,,2022-03-16 02:41:31.735014+00:00,2022-03-16 02:41:31.735024+00:00,,C12=CC=CC=C1C(C=CC=C3)=C3O[B-]4(O2)OC5=CC=CC=C5C(C=CC=C6)=C6O4,,,,,1.0,1.0,,,,,BBPB\n
163,BETI,,2022-03-16 02:41:31.738685+00:00,2022-03-16 02:41:31.738695+00:00,,C(C(F)(F)S(=O)(=O)[N-]S(=O)(=O)C(C(F)(F)F)(F)F)(F)(F)F,,,,,1.0,1.0,,,,,BETI\nLithium bis(pentafluoroethanesulfonyl)imide
167,BF2_C2F5_2,,2022-03-16 02:41:31.745971+00:00,2022-03-16 02:41:31.745982+00:00,,F[B-](F)(C(F)(C(F)(F)F)F)C(F)(C(F)(F)F)F,,,,,1.0,1.0,,,,,BF2_C2F5_2\n
168,BF2_SO2C2F5_2,,2022-03-16 02:41:31.747792+00:00,2022-03-16 02:41:31.747802+00:00,,F[B-](F)(S(=O)(C(F)(F)C(F)(F)F)=O)S(=O)(C(F)(C(F)(F)F)F)=O,,,,,1.0,1.0,,,,,BF2_SO2C2F5_2\n
169,BF3_C2F5_,,2022-03-16 02:41:31.749603+00:00,2022-03-16 02:41:31.749613+00:00,,F[B-](C(F)(C(F)(F)F)F)(F)F,,,,,1.0,1.0,,,,,BF3_C2F5_\n
170,BF3_SO2C2F5_,,2022-03-16 02:41:31.751427+00:00,2022-03-16 02:41:31.751437+00:00,,F[B-](S(=O)(C(F)(F)C(F)(F)F)=O)(F)F,,,,,1.0,1.0,,,,,BF3_SO2C2F5_\n
164,BF_C2F5_3,,2022-03-16 02:41:31.740518+00:00,2022-03-16 02:41:31.740529+00:00,,F[B-](C(C(F)(F)F)(F)F)(C(F)(C(F)(F)F)F)C(C(F)(F)F)(F)F,,,,,1.0,1.0,,,,,BF_C2F5_3\n
165,BF_C2F5_4,,2022-03-16 02:41:31.742334+00:00,2022-03-16 02:41:31.742345+00:00,,FC(C(F)(F)F)([B-](C(C(F)(F)F)(F)F)(C(F)(F)C(F)(F)F)C(F)(F)C(F)(F)F)F,,,,,1.0,1.0,,,,,BF_C2F5_4\n
166,BF_SO2C2F5_3,,2022-03-16 02:41:31.744156+00:00,2022-03-16 02:41:31.744167+00:00,,F[B-](S(=O)(C(C(F)(F)F)(F)F)=O)(S(=O)(C(F)(F)C(F)(F)F)=O)S(=O)(C(F)(C(F)(F)F)F)=O,,,,,1.0,1.0,,,,,BF_SO2C2F5_3\n
173,BMIMTDI,,2022-03-16 02:41:31.756947+00:00,2022-03-16 02:41:31.756958+00:00,,FC(F)(C1=NC(C#N)=C([N-]1)C#N)F.CCCCN2C=C[N+](C)=C2,,,,,1.0,1.0,,,,,BMIMTDI\n
174,BNB,,2022-03-16 02:41:31.758760+00:00,2022-03-16 02:41:31.758771+00:00,,C12=C(O[B-]3(O2)OC4=C(O3)C=C5C(C=CC=C5)=C4)C=C(C=CC=C6)C6=C1,,,,,1.0,1.0,,,,,BNB\n
175,BSB,,2022-03-16 02:41:31.760576+00:00,2022-03-16 02:41:31.760586+00:00,,O=C1O[B-]2(OC(C3=C(O2)C=CC=C3)=O)OC4=C1C=CC=C4,,,,,1.0,1.0,,,,,BSB\n
158,B_C6H3_3_5__CF3_2_4,,2022-03-16 02:41:31.729549+00:00,2022-03-16 02:41:31.729559+00:00,,FC(F)(F)C1=CC([B-](C2=CC(C(F)(F)F)=CC(C(F)(F)F)=C2)(C3=CC(C(F)(F)F)=CC(C(F)(F)F)=C3)C4=CC(C(F)(F)F)=CC(C(F)(F)F)=C4)=CC(C(F)(F)F)=C1,,,,,1.0,1.0,,,,,B_C6H3_3_5__CF3_2_4\n
159,B_SO2C2F5_4,,2022-03-16 02:41:31.731376+00:00,2022-03-16 02:41:31.731387+00:00,,O=S(C(F)(F)C(F)(F)F)([B-](S(=O)(C(F)(C(F)(F)F)F)=O)(S(=O)(C(C(F)(F)F)(F)F)=O)S(=O)(C(F)(F)C(F)(F)F)=O)=O,,,,,1.0,1.0,,,,,B_SO2C2F5_4\n
162,Benzene,,2022-03-16 02:41:31.736865+00:00,2022-03-16 02:41:31.736876+00:00,,C1=CC=CC=C1,,,,,1.0,1.0,,,,,Benzene\n
186,C2H5SO2C5H9,,2022-03-16 02:41:31.780742+00:00,2022-03-16 02:41:31.780753+00:00,,O=S(CC)(C1CCCC1)=O,,,,,1.0,1.0,,,,,C2H5SO2C5H9\n
187,C2H5SO2C6H11,,2022-03-16 02:41:31.782554+00:00,2022-03-16 02:41:31.782565+00:00,,O=S(CC)(C1CCCCC1)=O,,,,,1.0,1.0,,,,,C2H5SO2C6H11\n
188,C2H5SO2CH2C6H11,,2022-03-16 02:41:31.784377+00:00,2022-03-16 02:41:31.784387+00:00,,O=S(CC)(CC1CCCCC1)=O,,,,,1.0,1.0,,,,,C2H5SO2CH2C6H11\n
195,C6H6LiO3S,,2022-03-16 02:41:31.797088+00:00,2022-03-16 02:41:31.797099+00:00,,O=S(C1=CC=CC=C1)([O-])=O,,,,,1.0,1.0,,,,,C6H6LiO3S\n
198,CH2ClCOOLi,,2022-03-16 02:41:31.802525+00:00,2022-03-16 02:41:31.802536+00:00,,[O-]C(CCl)=O,,,,,1.0,1.0,,,,,CH2ClCOOLi\nvalue for lithium  acetate
201,CH3OCH2CH2SO2C2H5,,2022-03-16 02:41:31.807995+00:00,2022-03-16 02:41:31.808006+00:00,,O=S(CCOC)(CC)=O,,,,,1.0,1.0,,,,,CH3OCH2CH2SO2C2H5\n
202,CH3OCH2CH2SO2CH3,,2022-03-16 02:41:31.809814+00:00,2022-03-16 02:41:31.809825+00:00,,O=S(CCOC)(C)=O,,,,,1.0,1.0,,,,,CH3OCH2CH2SO2CH3\n
203,CH3SO2C5H9,,2022-03-16 02:41:31.811635+00:00,2022-03-16 02:41:31.811646+00:00,,CS(=O)(C1CCCC1)=O,,,,,1.0,1.0,,,,,CH3SO2C5H9\n
204,CH3SO2CH2C5H9,,2022-03-16 02:41:31.813455+00:00,2022-03-16 02:41:31.813465+00:00,,CS(=O)(CC1CCCC1)=O,,,,,1.0,1.0,,,,,CH3SO2CH2C5H9\n
199,CH3_OCH2CH2_2SO2C2H5,,2022-03-16 02:41:31.804348+00:00,2022-03-16 02:41:31.804359+00:00,,O=S(CCOCCOC)(CC)=O,,,,,1.0,1.0,,,,,CH3_OCH2CH2_2SO2C2H5\n
200,CH3_OCH2CH2_3SO2C2H5,,2022-03-16 02:41:31.806170+00:00,2022-03-16 02:41:31.806181+00:00,,O=S(CCOCCOCCOC)(CC)=O,,,,,1.0,1.0,,,,,CH3_OCH2CH2_3SO2C2H5\n
205,CO2CF3,,2022-03-16 02:41:31.815274+00:00,2022-03-16 02:41:31.815285+00:00,,FC(F)(C([O-])=O)F,,,,,1.0,1.0,,,,,CO2CF3\n
176,C_SO2C4F9__CN_2,,2022-03-16 02:41:31.762388+00:00,2022-03-16 02:41:31.762399+00:00,,O=S([C-](C#N)C#N)(C(F)(F)C(F)(C(F)(C(F)(F)F)F)F)=O,,,,,1.0,1.0,,,,,C_SO2C4F9__CN_2\n
178,C_SO2CF3_3,,2022-03-16 02:41:31.766083+00:00,2022-03-16 02:41:31.766094+00:00,,O=S([C-](S(=O)(C(F)(F)F)=O)S(=O)(C(F)(F)F)=O)(C(F)(F)F)=O,,,,,1.0,1.0,,,,,C_SO2CF3_3\n
177,C_SO2CF3__CN_2,,2022-03-16 02:41:31.764223+00:00,2022-03-16 02:41:31.764234+00:00,,O=S([C-](C#N)C#N)(C(F)(F)F)=O,,,,,1.0,1.0,,,,,C_SO2CF3__CN_2\n
179,C_SO2OCH2CF3_3,,2022-03-16 02:41:31.767921+00:00,2022-03-16 02:41:31.767931+00:00,,O=S([C-](S(=O)(C(C(F)(F)F)(F)F)=O)S(=O)(C(C(F)(F)F)(F)F)=O)(C(F)(C(F)(F)F)F)=O,,,,,1.0,1.0,,,,,C_SO2OCH2CF3_3\n
206,Cumene,,2022-03-16 02:41:31.817115+00:00,2022-03-16 02:41:31.817125+00:00,,CC(C)C1=CC=CC=C1,,,,,1.0,1.0,,,,,Cumene\n
207,DCTA,,2022-03-16 02:41:31.818923+00:00,2022-03-16 02:41:31.818933+00:00,,N#CC(N=N[N-]1)=C1C#N,,,,,1.0,1.0,,,,,DCTA\n
208,DEC,,2022-03-16 02:41:31.820733+00:00,2022-03-16 02:41:31.820743+00:00,,CCOC(=O)OCC,,,,,1.0,1.0,,,,,diethyl carbonate\n
209,DEE,,2022-03-16 02:41:31.822545+00:00,2022-03-16 02:41:31.822556+00:00,,CCOCCOCC,,,,,1.0,1.0,,,,,DEE\n
210,DFDEC,,2022-03-16 02:41:31.824368+00:00,2022-03-16 02:41:31.824379+00:00,,O=C(OCC(F)F)OCC,,,,,1.0,1.0,,,,,DFDEC\n
211,DFDMC,,2022-03-16 02:41:31.826179+00:00,2022-03-16 02:41:31.826190+00:00,,O=C(OCF)OCF,,,,,1.0,1.0,,,,,DFDMC\n
212,DFEMC,,2022-03-16 02:41:31.827995+00:00,2022-03-16 02:41:31.828005+00:00,,COC(OCC(F)F)=O,,,,,1.0,1.0,,,,,DFEMC\n
213,DFEME,,2022-03-16 02:41:31.829798+00:00,2022-03-16 02:41:31.829809+00:00,,COCCOC(F)F,,,,,1.0,1.0,,,,,DFEME\n
215,DMC,,2022-03-16 02:41:31.833432+00:00,2022-03-16 02:41:31.833443+00:00,,COC(OC)=O,,,,,1.0,1.0,,,,,DMC\n
216,DME,,2022-03-16 02:41:31.835244+00:00,2022-03-16 02:41:31.835255+00:00,,COC,,,,,1.0,1.0,,,,,DME\n
217,DMF,,2022-03-16 02:41:31.837069+00:00,2022-03-16 02:41:31.837080+00:00,,O=C(NC)C,,,,,1.0,1.0,,,,,DMF\n
218,DMM,,2022-03-16 02:41:31.838878+00:00,2022-03-16 02:41:31.838888+00:00,,COCOC,,,,,1.0,1.0,,,,,DMM\n
214,Diglyme,,2022-03-16 02:41:31.831620+00:00,2022-03-16 02:41:31.831631+00:00,,COCCOCCOC,,,,,1.0,1.0,,,,,Diglyme\n
219,EC,,2022-03-16 02:41:31.840700+00:00,2022-03-16 02:41:31.840711+00:00,,O=C1OCCO1,,,,,1.0,1.0,,,,,ethylene carbonate\n
220,ED4CN,,2022-03-16 02:41:31.842512+00:00,2022-03-16 02:41:31.842523+00:00,,N#CCCN(CCC#N)CCN(CCC#N)CCC#N,,,,,1.0,1.0,,,,,ED4CN\n
221,EDFEE,,2022-03-16 02:41:31.844342+00:00,2022-03-16 02:41:31.844352+00:00,,CCOCCOC(F)F,,,,,1.0,1.0,,,,,EDFEE\n
222,EFEE,,2022-03-16 02:41:31.846149+00:00,2022-03-16 02:41:31.846160+00:00,,CCOCCOCF,,,,,1.0,1.0,,,,,EFEE\n
223,EMC,,2022-03-16 02:41:31.847970+00:00,2022-03-16 02:41:31.847981+00:00,,CCOC(OC)=O,,,,,1.0,1.0,,,,,EMC\n
224,EME,,2022-03-16 02:41:31.849778+00:00,2022-03-16 02:41:31.849788+00:00,,COCCOCC,,,,,1.0,1.0,,,,,EME\n
227,EMIMBF4,,2022-03-16 02:41:31.855285+00:00,2022-03-16 02:41:31.855296+00:00,,CCN1C=C[N+](C)=C1.F[B-](F)(F)F,,,,,1.0,1.0,,,,,EMIMBF4\n
228,EMSO2,,2022-03-16 02:41:31.857092+00:00,2022-03-16 02:41:31.857103+00:00,,CCS(=O)(C)=O,,,,,1.0,1.0,,,,,EMSO2\n
229,ETFEE,,2022-03-16 02:41:31.858918+00:00,2022-03-16 02:41:31.858929+00:00,,CCOCCOC(F)(F)F,,,,,1.0,1.0,,,,,ETFEE\n
230,Ethyl_iso_butyl_sulfone,,2022-03-16 02:41:31.860736+00:00,2022-03-16 02:41:31.860747+00:00,,CCS(=O)(CC(C)C)=O,,,,,1.0,1.0,,,,,Ethyl_iso_butyl_sulfone\n
231,Ethyl_iso_propyl_sulfone,,2022-03-16 02:41:31.862544+00:00,2022-03-16 02:41:31.862556+00:00,,CCS(=O)(C(C)C)=O,,,,,1.0,1.0,,,,,Ethyl_iso_propyl_sulfone\n
232,Ethyl_sec_butyl_sulfone,,2022-03-16 02:41:31.864358+00:00,2022-03-16 02:41:31.864369+00:00,,CCS(=O)(C(C)CC)=O,,,,,1.0,1.0,,,,,Ethyl_sec_butyl_sulfone\n
233,Ethylbenzene,,2022-03-16 02:41:31.866170+00:00,2022-03-16 02:41:31.866181+00:00,,c1ccccc1CC,,,,,1.0,1.0,,,,,Ethylbenzene\n
234,Ethyldiglyme,,2022-03-16 02:41:31.867993+00:00,2022-03-16 02:41:31.868004+00:00,,CCOCCOCCOCC,,,,,1.0,1.0,,,,,Ethyldiglyme\n
235,Ethylmonoglyme,,2022-03-16 02:41:31.869814+00:00,2022-03-16 02:41:31.869824+00:00,,CCOCCOCC,,,,,1.0,1.0,,,,,Ethylmonoglyme\n
237,FDEC,,2022-03-16 02:41:31.873453+00:00,2022-03-16 02:41:31.873464+00:00,,O=C(OCCF)OCC,,,,,1.0,1.0,,,,,FDEC\n
238,FDMC,,2022-03-16 02:41:31.875290+00:00,2022-03-16 02:41:31.875301+00:00,,COC(OCF)=O,,,,,1.0,1.0,,,,,FDMC\n
239,FEC,,2022-03-16 02:41:31.877105+00:00,2022-03-16 02:41:31.877116+00:00,,O=C1OCC(F)O1,,,,,1.0,1.0,,,,,FEC\n
240,FEMC,,2022-03-16 02:41:31.878920+00:00,2022-03-16 02:41:31.878930+00:00,,COC(OCCF)=O,,,,,1.0,1.0,,,,,FEMC\n
241,FEME,,2022-03-16 02:41:31.880745+00:00,2022-03-16 02:41:31.880755+00:00,,COCCOCF,,,,,1.0,1.0,,,,,FEME\n
242,FPC,,2022-03-16 02:41:31.882584+00:00,2022-03-16 02:41:31.882595+00:00,,O=C1OCC(CF)O1,,,,,1.0,1.0,,,,,FPC\n
236,F_t_BC,,2022-03-16 02:41:31.871634+00:00,2022-03-16 02:41:31.871644+00:00,,O=C1OC(C)C(CF)O1,,,,,1.0,1.0,,,,,F_t_BC\n
243,FreonII,,2022-03-16 02:41:31.884398+00:00,2022-03-16 02:41:31.884409+00:00,,FC(Cl)(Cl)Cl,,,,,1.0,1.0,,,,,FreonII\n
254,Li2S,,2022-03-16 02:41:31.904362+00:00,2022-03-16 02:41:31.904372+00:00,,[S-2],,,,,1.0,1.0,,,,,Li2S\n
255,LiAlCl4,,2022-03-16 02:41:31.906158+00:00,2022-03-16 02:41:31.906168+00:00,,Cl[Al-](Cl)(Cl)Cl,,,,,1.0,1.0,,,,,LiAlCl4\n
256,LiAsF6,,2022-03-16 02:41:31.907999+00:00,2022-03-16 02:41:31.908009+00:00,,F[As-](F)(F)(F)(F)F,,,,,1.0,1.0,,,,,LiAsF6\n
259,LiBETI,,2022-03-16 02:41:31.913453+00:00,2022-03-16 02:41:31.913464+00:00,,O=S(C(C(F)(F)F)(F)F)([N-]S(C(F)(F)C(F)(F)F)(=O)=O)=O,,,,,1.0,1.0,,,,,LiBETI\n
262,LiBF2_CF3_2,,2022-03-16 02:41:31.918877+00:00,2022-03-16 02:41:31.918888+00:00,,F[B-](C(F)(F)F)(F)C(F)(F)F,,,,,1.0,1.0,,,,,LiBF2_CF3_2\n
263,LiBF2_SO2CF3_2,,2022-03-16 02:41:31.920694+00:00,2022-03-16 02:41:31.920705+00:00,,O=S([B-](F)(S(=O)(C(F)(F)F)=O)F)(C(F)(F)F)=O,,,,,1.0,1.0,,,,,LiBF2_SO2CF3_2\n
264,LiBF3_CF3_,,2022-03-16 02:41:31.922509+00:00,2022-03-16 02:41:31.922520+00:00,,F[B-](C(F)(F)F)(F)F,,,,,1.0,1.0,,,,,LiBF3_CF3_\n
265,LiBF3_SO2CF3_,,2022-03-16 02:41:31.924329+00:00,2022-03-16 02:41:31.924340+00:00,,F[B-](F)(F)S(=O)(C(F)(F)F)=O,,,,,1.0,1.0,,,,,LiBF3_SO2CF3_\n
266,LiBF4,,2022-03-16 02:41:31.926143+00:00,2022-03-16 02:41:31.926154+00:00,,F[B-](F)(F)F,,,,,1.0,1.0,,,,,LiBF4\n
260,LiBF_CF3_3,,2022-03-16 02:41:31.915274+00:00,2022-03-16 02:41:31.915285+00:00,,F[B-](C(F)(F)F)(C(F)(F)F)C(F)(F)F,,,,,1.0,1.0,,,,,LiBF_CF3_3\n
261,LiBF_SO2CF3_3,,2022-03-16 02:41:31.917077+00:00,2022-03-16 02:41:31.917088+00:00,,O=S([B-](S(=O)(C(F)(F)F)=O)(S(=O)(C(F)(F)F)=O)F)(C(F)(F)F)=O,,,,,1.0,1.0,,,,,LiBF_SO2CF3_3\n
267,LiBOB,,2022-03-16 02:41:31.928130+00:00,2022-03-16 02:41:31.928141+00:00,,O=C1O[B-]2(OC1=O)OC(=O)C(=O)O2,,,,,1.0,1.0,,,,,LiBOB\nmp>300
257,LiB_CF3_4,,2022-03-16 02:41:31.909814+00:00,2022-03-16 02:41:31.909824+00:00,,FC(F)(F)[B-](C(F)(F)F)(C(F)(F)F)C(F)(F)F,,,,,1.0,1.0,,,,,LiB_CF3_4\n
258,LiB_SO2CF3_4,,2022-03-16 02:41:31.911633+00:00,2022-03-16 02:41:31.911644+00:00,,O=S([B-](S(=O)(C(F)(F)F)=O)(S(=O)(C(F)(F)F)=O)S(=O)(C(F)(F)F)=O)(C(F)(F)F)=O,,,,,1.0,1.0,,,,,LiB_SO2CF3_4\n
268,LiBr,,2022-03-16 02:41:31.929951+00:00,2022-03-16 02:41:31.929961+00:00,,[Br-],,,,,1.0,1.0,,,,,LiBr\n
269,LiCF3SO3,,2022-03-16 02:41:31.931774+00:00,2022-03-16 02:41:31.931784+00:00,,O=S(C(F)(F)F)([O-])=O,,,,,1.0,1.0,,,,,LiCF3SO3\n
270,LiCH3COO,,2022-03-16 02:41:31.933577+00:00,2022-03-16 02:41:31.933588+00:00,,CC([O-])=O,,,,,1.0,1.0,,,,,LiCH3COO\n
271,LiCH3SO3,,2022-03-16 02:41:31.935398+00:00,2022-03-16 02:41:31.935408+00:00,,CS([O-])(=O)=O,,,,,1.0,1.0,,,,,LiCH3SO3\n
272,LiClO4,,2022-03-16 02:41:31.937218+00:00,2022-03-16 02:41:31.937229+00:00,,O=Cl(=O)([O-])=O,,,,,1.0,1.0,,,,,LiClO4\n
273,LiDFOB,,2022-03-16 02:41:31.939029+00:00,2022-03-16 02:41:31.939040+00:00,,F[B-](OC1=O)(F)OC1=O,,,,,1.0,1.0,,,,,LiDFOB\n
274,LiFSI,,2022-03-16 02:41:31.940846+00:00,2022-03-16 02:41:31.940856+00:00,,O=S(=O)(F)[N-]S(=O)(=O)F,,,,,1.0,1.0,,,,,LiFSI\n
275,LiI,,2022-03-16 02:41:31.942654+00:00,2022-03-16 02:41:31.942664+00:00,,[I-],,,,,1.0,1.0,,,,,LiI\n
276,LiNO3,,2022-03-16 02:41:31.944472+00:00,2022-03-16 02:41:31.944483+00:00,,[O-][N+]([O-])=O,,,,,1.0,1.0,,,,,LiNO3\n
277,LiPAA,,2022-03-16 02:41:31.946284+00:00,2022-03-16 02:41:31.946294+00:00,,O=C([O-])C([Mg])C[Mg],,,100000.0,,,,,,,,poly(acrylic acid) lithium salt\nsial
278,LiPF6,,2022-03-16 02:41:31.948102+00:00,2022-03-16 02:41:31.948113+00:00,,F[P-](F)(F)(F)(F)F,,,,,1.0,1.0,,,,,LiPF6\n
279,LiSbF6,,2022-03-16 02:41:31.949912+00:00,2022-03-16 02:41:31.949922+00:00,,F[Sb-](F)(F)(F)(F)F,,,,,1.0,1.0,,,,,LiSbF6\n
280,LiTDI,,2022-03-16 02:41:31.951724+00:00,2022-03-16 02:41:31.951735+00:00,,FC(C1=NC(C#N)=C([N-]1)C#N)(F)F,,,,,1.0,1.0,,,,,LiTDI\n
281,LiTFSI,,2022-03-16 02:41:31.953516+00:00,2022-03-16 02:41:31.953526+00:00,,O=S(C(F)(F)F)([N-]S(C(F)(F)F)(=O)=O)=O,,,,,1.0,1.0,,,,,LiTFSI\n
283,M10,,2022-03-16 02:41:31.957141+00:00,2022-03-16 02:41:31.957152+00:00,,[Mg]OCC[Mg].[Mg]CC[Mg],5/1,,,,1.3,5.0,block_block,,,,C2EO5\n
284,M11,,2022-03-16 02:41:31.959018+00:00,2022-03-16 02:41:31.959029+00:00,,[Mg]OCC[Mg].[Mg]CC[Mg],4/1,,,,1.5,4.0,block_block,,,,C2EO4\n
285,M12,,2022-03-16 02:41:31.960875+00:00,2022-03-16 02:41:31.960886+00:00,,[Mg]OCC[Mg].[Mg]CC[Mg],5/2,,,,1.4,5.0,block_block,,,,C4EO5\n
286,M13,,2022-03-16 02:41:31.962718+00:00,2022-03-16 02:41:31.962729+00:00,,[Mg]OCC[Mg].[Mg]CC[Mg],4/2,,,,1.6,4.0,block_block,,,,C4EO4\n
287,M14,,2022-03-16 02:41:31.964560+00:00,2022-03-16 02:41:31.964571+00:00,,[Mg]OCC[Mg].[Mg]CC[Mg],5/3,,,,1.8,5.0,block_block,,,,C6EO5\n
288,M15,,2022-03-16 02:41:31.966397+00:00,2022-03-16 02:41:31.966408+00:00,,[Mg]OCC[Mg].[Mg]CC[Mg],4/3,,,,1.8,4.0,block_block,,,,C6EO4\n
289,M6,,2022-03-16 02:41:31.968245+00:00,2022-03-16 02:41:31.968256+00:00,,[Ca]OCC(CCC1=CN(CCCS(=O)([N-]S(=O)(C(F)(F)F)=O)=O)N=N1)=O.[Mg]C(CC[Mg])(C)CC(CC[Ca])=O.[Mg]OCC[Mg],1/1/10,,,,1.2,1.0,comb,,,,poly(PEOMA-TFSI-Li+)\n
290,M7,,2022-03-16 02:41:31.970094+00:00,2022-03-16 02:41:31.970105+00:00,,[Ca]OCC(CCC1=CN(CCCS(=O)([N-]S(=O)(C(F)(F)F)=O)=O)N=N1)=O.[Mg]C(CC[Mg])(C)CC(CC[Ca])=O.[Mg]OCC[Mg],1/1/10,,,,1.3,7.0,comb,,,,poly(PEOMA-TFSI-Li+)\n
291,M8,,2022-03-16 02:41:31.971938+00:00,2022-03-16 02:41:31.971949+00:00,,[Ca]OCC(CCC1=CN(CCCS(=O)([N-]S(=O)(C(F)(F)F)=O)=O)N=N1)=O.[Mg]C(CC[Mg])(C)CC(CC[Ca])=O.[Mg]OCC[Mg],1/1/10,,,,1.4,14.0,comb,,,,poly(PEOMA-TFSI-Li+)\n
292,M9,,2022-03-16 02:41:31.973783+00:00,2022-03-16 02:41:31.973794+00:00,,[Ca]OCC(CCC1=CN(CCCS(=O)([N-]S(=O)(C(F)(F)F)=O)=O)N=N1)=O.[Mg]C(CC[Mg])(C)CC(CC[Ca])=O.[Mg]OCC[Mg],1/1/10,,,,1.4,30.0,comb,,,,poly(PEOMA-TFSI-Li+)\n
293,MethyleneChloride,,2022-03-16 02:41:31.975598+00:00,2022-03-16 02:41:31.975608+00:00,,ClCCl,,,,,1.0,1.0,,,,,MethyleneChloride\n
323,NMP,,2022-03-16 02:41:32.029942+00:00,2022-03-16 02:41:32.029953+00:00,,CN1C(CCC1)=O,,,,,1.0,1.0,,,,,NMP\n
295,N_COCF3_2,,2022-03-16 02:41:31.979240+00:00,2022-03-16 02:41:31.979251+00:00,,O=C(C(F)(F)F)[N-]C(C(F)(F)F)=O,,,,,1.0,1.0,,,,,N_COCF3_2\n
297,N_SO2C2F5_2,,2022-03-16 02:41:31.982880+00:00,2022-03-16 02:41:31.982891+00:00,,O=S([N-]S(=O)(C(F)(C(F)(F)F)F)=O)(C(F)(C(F)(F)F)F)=O,,,,,1.0,1.0,,,,,N_SO2C2F5_2\n
296,N_SO2C2F5__SO2C4F9_,,2022-03-16 02:41:31.981064+00:00,2022-03-16 02:41:31.981075+00:00,,O=S([N-]S(=O)(C(F)(C(F)(C(F)(F)F)F)F)=O)(C(F)(C(F)(F)F)F)=O,,,,,1.0,1.0,,,,,N_SO2C2F5__SO2C4F9_\n
298,N_SO2C3F6SO2_,,2022-03-16 02:41:31.984718+00:00,2022-03-16 02:41:31.984729+00:00,,FC1(F)C(F)(F)S([N-]S(C1(F)F)(=O)=O)(=O)=O,,,,,1.0,1.0,,,,,N_SO2C3F6SO2_\n
301,N_SO2C4F9_2,,2022-03-16 02:41:31.990151+00:00,2022-03-16 02:41:31.990161+00:00,,O=S([N-]S(=O)(C(F)(C(F)(C(F)(F)F)F)F)=O)(C(F)(C(F)(F)C(F)(F)F)F)=O,,,,,1.0,1.0,,,,,N_SO2C4F9_2\n
299,N_SO2C4F9__CN_,,2022-03-16 02:41:31.986529+00:00,2022-03-16 02:41:31.986539+00:00,,O=S([N-]C#N)(C(C(F)(C(C(F)(F)F)(F)F)F)(F)F)=O,,,,,1.0,1.0,,,,,N_SO2C4F9__CN_\n
300,N_SO2C4F9__SO2CF3_,,2022-03-16 02:41:31.988342+00:00,2022-03-16 02:41:31.988352+00:00,,O=S([N-]S(=O)(C(F)(F)F)=O)(C(F)(C(F)(C(F)(C(F)(F)F)F)F)F)=O,,,,,1.0,1.0,,,,,N_SO2C4F9__SO2CF3_\n
305,N_SO2CF3_2,,2022-03-16 02:41:31.997424+00:00,2022-03-16 02:41:31.997434+00:00,,O=S([N-]S(=O)(C(F)(F)F)=O)(C(F)(F)F)=O,,,,,1.0,1.0,,,,,N_SO2CF3_2\n
302,N_SO2CF3__C6F4SO2F_,,2022-03-16 02:41:31.991981+00:00,2022-03-16 02:41:31.991992+00:00,,O=S([N-]S(=O)(C(F)(F)F)=O)(C1=C(F)C(F)=C(F)C(F)=C1F)=O,,,,,1.0,1.0,,,,,N_SO2CF3__C6F4SO2F_\n
303,N_SO2CF3__CN_,,2022-03-16 02:41:31.993799+00:00,2022-03-16 02:41:31.993810+00:00,,O=S([N-]C#N)(C(F)(F)F)=O,,,,,1.0,1.0,,,,,N_SO2CF3__CN_\n
304,N_SO2CF3__SO2C8F17_,,2022-03-16 02:41:31.995614+00:00,2022-03-16 02:41:31.995625+00:00,,O=S([N-]S(=O)(C(F)(F)F)=O)(C(F)(C(F)(C(F)(C(C(F)(C(F)(F)C(F)(C(F)(F)F)F)F)(F)F)F)F)F)=O,,,,,1.0,1.0,,,,,N_SO2CF3__SO2C8F17_\n
307,N_SO2OCH2CF2CF2H_2,,2022-03-16 02:41:32.001029+00:00,2022-03-16 02:41:32.001040+00:00,,O=S([N-]S(=O)(C([H])(C(F)(C([H])(F)F)F)[H])=O)(C([H])(C(F)(F)C(F)([H])F)[H])=O,,,,,1.0,1.0,,,,,N_SO2OCH2CF2CF2H_2\n
308,N_SO2OCH2CF2CF3_2,,2022-03-16 02:41:32.002835+00:00,2022-03-16 02:41:32.002846+00:00,,O=S([N-]S(=O)(C([H])(C([H])(C(F)(F)F)[H])[H])=O)(C([H])(C([H])([H])C(F)(F)F)[H])=O,,,,,1.0,1.0,,,,,N_SO2OCH2CF2CF3_2\n
309,N_SO2OCH2CF3_2,,2022-03-16 02:41:32.004645+00:00,2022-03-16 02:41:32.004656+00:00,,O=S([N-]S(=O)(C([H])(C(F)(F)F)[H])=O)(C([H])(C(F)(F)F)[H])=O,,,,,1.0,1.0,,,,,N_SO2OCH2CF3_2\n
306,N_SO2OCH_CF3_2_2,,2022-03-16 02:41:31.999225+00:00,2022-03-16 02:41:31.999236+00:00,,O=S([N-]S(=O)(C(C(F)(F)F)(C(F)(F)F)[H])=O)(C(C(F)(F)F)(C(F)(F)F)[H])=O,,,,,1.0,1.0,,,,,N_SO2OCH_CF3_2_2\n
325,P111i4FSI,,2022-03-16 02:41:32.033556+00:00,2022-03-16 02:41:32.033567+00:00,,C[P+](C)(CC(C)C)C.FS([N-]S(F)(=O)=O)(=O)=O,,,,,1.0,1.0,,,,,P111i4FSI\n
326,P2S5,,2022-03-16 02:41:32.035373+00:00,2022-03-16 02:41:32.035384+00:00,,S=P12SP3(=S)SP(=S)(S1)SP(=S)(S2)S3,,,,,1.0,1.0,,,,,P2S5\n
327,PAM,,2022-03-16 02:41:32.037182+00:00,2022-03-16 02:41:32.037192+00:00,,NC(=O)C([Mg])C[Mg],,,6000000.0,,,,,,,,"poly(acrylamide)\nMW5,000,000-6,000,000"
328,PC,,2022-03-16 02:41:32.038991+00:00,2022-03-16 02:41:32.039001+00:00,,CC1COC(=O)O1,,,,,1.0,1.0,,,,,propylene carbonate\n
329,PDI,,2022-03-16 02:41:32.040805+00:00,2022-03-16 02:41:32.040815+00:00,,FC(F)(F)C(F)(F)C([N-]1)=NC(C#N)=C1C#N,,,,,1.0,1.0,,,,,PDI\n
330,PEC,,2022-03-16 02:41:32.042600+00:00,2022-03-16 02:41:32.042611+00:00,,O=C(O[Mg])OCC[Mg],,,157000.0,,,,,,,,poly(ethylene carbonate)\nEmpower materials
332,PEO4e6,,2022-03-16 02:41:32.046233+00:00,2022-03-16 02:41:32.046244+00:00,,[Mg]OCC[Mg],,,4000000.0,,,,,,,,PEO4e6\nDow chemical
333,PEO5E+6,,2022-03-16 02:41:32.048072+00:00,2022-03-16 02:41:32.048083+00:00,,[Mg]OCC[Mg],,,5000000.0,,,113507.0,,,,,PEO5E+6\n
334,PFPE-diol,,2022-03-16 02:41:32.049910+00:00,2022-03-16 02:41:32.049921+00:00,,OCC(F)(F)O[Mg]C(F)(F)C(F)(F)O[Mg].[Mg]C(F)(F)O[Mg]C(F)(F)CO,,,,1000.0,,,,,,,PFPE-diol\n
335,PO2_C2F5_2,,2022-03-16 02:41:32.051733+00:00,2022-03-16 02:41:32.051743+00:00,,O=[P-](C(F)(C(F)(F)F)F)(C(C(F)(F)F)(F)F)=O,,,,,1.0,1.0,,,,,PO2_C2F5_2\n
349,PVDF-HFP,,2022-03-16 02:41:32.077491+00:00,2022-03-16 02:41:32.077502+00:00,,FC(F)([Mg])C[Mg].FC(F)(F)C(F)([Mg])C(F)(F)[Mg],,,455000.0,110000.0,,,random,,,,PVDF-HFP\nsial 427179
346,Propylsulfone,,2022-03-16 02:41:32.072008+00:00,2022-03-16 02:41:32.072019+00:00,,O=S(CCC)(CCC)=O,,,,,1.0,1.0,,,,,Propylsulfone\n
347,Pry13FSI,,2022-03-16 02:41:32.073819+00:00,2022-03-16 02:41:32.073830+00:00,,C[N+]1(CCC)CCCC1.O=S([N-]S(=O)(F)=O)(F)=O,,,,,1.0,1.0,,,,,Pry13FSI\n
348,Pseudocumene,,2022-03-16 02:41:32.075659+00:00,2022-03-16 02:41:32.075670+00:00,,CC1=C(C)C=C(C)C=C1,,,,,1.0,1.0,,,,,Pseudocumene\n
350,Pyr11O1FSI,,2022-03-16 02:41:32.079362+00:00,2022-03-16 02:41:32.079372+00:00,,C[N+]1(COC)CCCC1.O=S([N-]S(=O)(F)=O)(F)=O,,,,,1.0,1.0,,,,,Pyr11O1FSI\n
351,Pyr13FSI,,2022-03-16 02:41:32.081179+00:00,2022-03-16 02:41:32.081190+00:00,,C[N+]1(CCC)CCCC1.O=S(F)([N-]S(=O)(F)=O)=O,,,,,1.0,1.0,,,,,Pyr13FSI\n
352,Pyr13TFSI,,2022-03-16 02:41:32.082997+00:00,2022-03-16 02:41:32.083007+00:00,,C[N+]1(CCC)CCCC1.O=S(C(F)(F)F)([N-]S(=O)(C(F)(F)F)=O)=O,,,,,1.0,1.0,,,,,Pyr13TFSI\n
435,SO3C4F9,,2022-03-16 02:41:32.235423+00:00,2022-03-16 02:41:32.235434+00:00,,O=S(C(F)(C(F)(C(F)(C(F)(F)F)F)F)F)([O-])=O,,,,,1.0,1.0,,,,,SO3C4F9\n
436,SO3C8F17,,2022-03-16 02:41:32.237242+00:00,2022-03-16 02:41:32.237253+00:00,,O=S(C(F)(C(F)(C(F)(C(C(F)(C(F)(F)C(F)(C(F)(F)F)F)F)(F)F)F)F)F)([O-])=O,,,,,1.0,1.0,,,,,SO3C8F17\n
437,SO3CF3,,2022-03-16 02:41:32.239057+00:00,2022-03-16 02:41:32.239067+00:00,,FC(F)(S(=O)([O-])=O)F,,,,,1.0,1.0,,,,,SO3CF3\n
433,SO3_C6F5,,2022-03-16 02:41:32.231796+00:00,2022-03-16 02:41:32.231806+00:00,,O=S([O-])(C1=C(F)C(F)=C(F)C(F)=C1F)=O,,,,,1.0,1.0,,,,,SO3_C6F5\n
434,SO3_C6H5,,2022-03-16 02:41:32.233611+00:00,2022-03-16 02:41:32.233622+00:00,,O=S([O-])(C1=CC=CC=C1)=O,,,,,1.0,1.0,,,,,SO3_C6H5\n
438,Sulfolane,,2022-03-16 02:41:32.240899+00:00,2022-03-16 02:41:32.240909+00:00,,O=S1(CCCC1)=O,,,,,1.0,1.0,,,,,Sulfolane\n
440,TDI,,2022-03-16 02:41:32.244516+00:00,2022-03-16 02:41:32.244526+00:00,,FC(F)(F)C([N-]1)=NC(C#N)=C1C#N,,,,,1.0,1.0,,,,,TDI\n
441,TEOS,,2022-03-16 02:41:32.246317+00:00,2022-03-16 02:41:32.246327+00:00,,CCO[Si](OCC)(OCC)OCC,,,,,1.0,1.0,,,,,TEOS\n
442,TEP,,2022-03-16 02:41:32.248119+00:00,2022-03-16 02:41:32.248129+00:00,,O=P(OCC)(OCC)OCC,,,,,1.0,1.0,,,,,TEP\n
445,TFDEC,,2022-03-16 02:41:32.253529+00:00,2022-03-16 02:41:32.253540+00:00,,O=C(OCC(F)(F)F)OCC,,,,,1.0,1.0,,,,,TFDEC\n
446,TFEMC,,2022-03-16 02:41:32.255367+00:00,2022-03-16 02:41:32.255378+00:00,,COC(OCC(F)(F)F)=O,,,,,1.0,1.0,,,,,TFEMC\n
447,TFEME,,2022-03-16 02:41:32.257181+00:00,2022-03-16 02:41:32.257192+00:00,,COCCOC(F)(F)F,,,,,1.0,1.0,,,,,TFEME\n
448,THF,,2022-03-16 02:41:32.258989+00:00,2022-03-16 02:41:32.259000+00:00,,C1CCOC1,,,,,1.0,1.0,,,,,THF\n
449,TMP,,2022-03-16 02:41:32.260788+00:00,2022-03-16 02:41:32.260799+00:00,,O=P(OC)(OC)OC,,,,,1.0,1.0,,,,,TMP\n
443,Tetraglyme,,2022-03-16 02:41:32.249925+00:00,2022-03-16 02:41:32.249936+00:00,,COCCOCCOCCOCCOC,,,,,1.0,1.0,,,,,Tetraglyme\n
444,Tetramethylene sulfone,,2022-03-16 02:41:32.251739+00:00,2022-03-16 02:41:32.251750+00:00,,O=S1(CCCC1)=O,,,,,1.0,1.0,,,,,Tetramethylene sulfone\n
450,Toluene,,2022-03-16 02:41:32.262585+00:00,2022-03-16 02:41:32.262596+00:00,,CC1=CC=CC=C1,,,,,1.0,1.0,,,,,Toluene\n
451,Triglyme,,2022-03-16 02:41:32.264407+00:00,2022-03-16 02:41:32.264417+00:00,,COCCOCCOCCOC,,,,,1.0,1.0,,,,,Triglyme\n
452,Urea,,2022-03-16 02:41:32.266209+00:00,2022-03-16 02:41:32.266219+00:00,,O=C(N)N,,,,,1.0,1.0,,,,,Urea\n
13,_CH3OCH2CH2_2SO2,,2022-03-16 02:41:31.367930+00:00,2022-03-16 02:41:31.367940+00:00,,O=S(CCOC)(CCOC)=O,,,,,1.0,1.0,,,,,_CH3OCH2CH2_2SO2\n
156,aaim_tfsa,,2022-03-16 02:41:31.725894+00:00,2022-03-16 02:41:31.725905+00:00,,C=CC[N+](C=C1)=CN1CC=C.FC(F)(S(=O)([N-]S(=O)(C(F)(F)F)=O)=O)F,1/1,,,,1.0,1.0,,,,,aaim_tfsa\n
171,bh3,,2022-03-16 02:41:31.753263+00:00,2022-03-16 02:41:31.753274+00:00,,B,,,13.834,,1.0,1.0,,,,,bh3\ndiborane
172,bmim_cl,,2022-03-16 02:41:31.755105+00:00,2022-03-16 02:41:31.755116+00:00,,CCCCN1C=C[N+](=C1)C.[Cl-],1/1,,174.672,,1.0,1.0,,,,,bmim_cl\n
180,c1,,2022-03-16 02:41:31.769753+00:00,2022-03-16 02:41:31.769764+00:00,,[Mg]C(CC(C[Mg])C(O[B-](OC1=O)(OC1=O)O2)=O)C2=O,,,,,,6245.0,,,,,lithium　oxalate polyacrylic acid borate\n
181,c2,,2022-03-16 02:41:31.771582+00:00,2022-03-16 02:41:31.771592+00:00,,[Mg]C1CC(O[B-](OC2=O)(OC2=O)O1)C[Mg],,,,,,,,,,,lithium polyvinyl alcohol oxalate borate\n
182,c26,,2022-03-16 02:41:31.773414+00:00,2022-03-16 02:41:31.773425+00:00,,[Mg]CC1=CC=C(B2OB(C3=CC=C(C=C3)CO[Mg])O[B-]4(OB(C5=CC=C(C=C5)C[Mg])OB(C6=CC=C(C=C6)CO[Mg])O4)O2)C=C1.[Mg]OCC[Mg],1/9,,,,1.94,5.116836282,block,,,,Polymer 3a\n
183,c27,,2022-03-16 02:41:31.775278+00:00,2022-03-16 02:41:31.775289+00:00,,[Mg]C1=CC=C(C=C1)B2O[B-]3(OB(O2)C4=CC=C([Mg])C=C4)OB(OB(O3)C5=CC=C([Mg])C=C5)C6=CC=C(C=C6)[Mg].[Mg]OCC[Mg],1/14,,,,1.26,4.556598312,block,,,,Polymer 3b\n
184,c28,,2022-03-16 02:41:31.777112+00:00,2022-03-16 02:41:31.777123+00:00,,[Mg]CC(S(=O)([O-])=O)[Mg],,,,,1.05,56.0,,,,,poly(lithium vinylsulfonate) mn7140\n
185,c29,,2022-03-16 02:41:31.778928+00:00,2022-03-16 02:41:31.778939+00:00,,[Mg]CC(C([O-])=O)[Mg],,,,,,,,,,,poly(lithium acrylate)\n
189,c3,,2022-03-16 02:41:31.786196+00:00,2022-03-16 02:41:31.786206+00:00,,[Mg]CC(CC2[Mg])C(O[B-](OC1=O)(OC2=O)OC1=O)=O,,,,,,,,,,,LiPAAOB\n
190,c30,,2022-03-16 02:41:31.788014+00:00,2022-03-16 02:41:31.788025+00:00,,O=S(C1=CC=C(C(C[Mg])[Mg])C=C1)([O-])=O,,,,,,,,,,,poly(lithium 4-styrene sulfonate)\n
191,c31,,2022-03-16 02:41:31.789822+00:00,2022-03-16 02:41:31.789833+00:00,,O=S(C1=CC=C(C(C[Mg])[Mg])C=C1)([N-]S(=O)(C(F)(F)F)=O)=O,,,52795.68,41571.40157480315,1.27,168.0,,,,,poly[(4-styrenesulfonyl)(trifluoromethanesulfonyl)imide]\n
192,c37,,2022-03-16 02:41:31.791675+00:00,2022-03-16 02:41:31.791686+00:00,,[Mg]O[B-](C1=CC=CC=C1)(C2=C(C=C(C=C2C)C)C)[Mg].[Mg]OCC[Mg],1/4,,,,,,block,,,,PEO4+borate\n
193,c4,,2022-03-16 02:41:31.793482+00:00,2022-03-16 02:41:31.793492+00:00,,[Mg]C(C)/C=C/C(C([O-])=O)[Mg],,,,,,,,,,,Poly(Li-Sorb)\n
194,c5,,2022-03-16 02:41:31.795284+00:00,2022-03-16 02:41:31.795294+00:00,,[Mg]C(C([O-])=O)/C=C/C(C([O-])=O)[Mg],,,,,,,,,,,Poly(Li-Muco)\n
196,c9,,2022-03-16 02:41:31.798890+00:00,2022-03-16 02:41:31.798900+00:00,,[Mg]CC(C([N-]S(=O)(C(F)(F)F)=O)=O)[Mg],,,,,,,,,,,poly[(trifluoromethyl)sulfonyl acrylamide].\n
197,cellulose,,2022-03-16 02:41:31.800715+00:00,2022-03-16 02:41:31.800726+00:00,,OC1OC(O[Mg])C(O)C(O)C1[Mg],,,,,,,,,,,cellulose\n
225,emim_tf,,2022-03-16 02:41:31.851617+00:00,2022-03-16 02:41:31.851628+00:00,,CCN1C=C[N+](=C1)C.C(F)(F)(F)S(=O)(=O)[O-],1/1,,260.23,,1.0,1.0,,,,,emim_triflate\n>350
226,emim_tfsa,,2022-03-16 02:41:31.853452+00:00,2022-03-16 02:41:31.853463+00:00,,CCN1C=C[N+](=C1)C.C(F)(F)(F)S(=O)(=O)[N-]S(=O)(=O)C(F)(F)F,1/1,,391.303,,1.0,1.0,,,,,emim_tfsa\nemim-TFSI
244,g-Butyrolactone,,2022-03-16 02:41:31.886215+00:00,2022-03-16 02:41:31.886225+00:00,,O=C1CCCO1,,,,,1.0,1.0,,,,,g-Butyrolactone\n
245,j1,,2022-03-16 02:41:31.888034+00:00,2022-03-16 02:41:31.888044+00:00,,[Mg]C(C1=CC=C(C=C1)S(=O)([O-])=O)C[Mg],,,,,,2672.0,,,,,LiPSS\n
246,j2,,2022-03-16 02:41:31.889836+00:00,2022-03-16 02:41:31.889847+00:00,,[Mg]C(C1=CC=C(C=C1)S(=O)([N-]S(=O)(C(F)(F)F)=O)=O)C[Mg],,,,,1.27,1881.0,,,,,LiPSTFSI\n
247,j3,,2022-03-16 02:41:31.891644+00:00,2022-03-16 02:41:31.891655+00:00,,[Mg]C(C1=CC=C(C=C1)S(=O)([N-]S(=NS(=O)(C(F)(F)F)=O)(C(F)(F)F)=O)=O)C[Mg],,,,,2.21,6742.0,,,,,LiPSsTFSI\n
248,j4,,2022-03-16 02:41:31.893469+00:00,2022-03-16 02:41:31.893480+00:00,,O=S([N-]S(=O)(C(F)(F)F)=O)(C(F)(F)F)=O,,,,,1.0,1.0,,,,,LITFSI\n
249,j5,,2022-03-16 02:41:31.895321+00:00,2022-03-16 02:41:31.895332+00:00,,O=S(C(F)(F)C(C(C(F)(F)F)(F)F)(F)F)([N-]S(=O)(C(C(C(C(F)(F)F)(F)F)(F)F)(F)F)=O)=O,,,,,1.0,1.0,,,,,LiBNSFI\n
250,j6,,2022-03-16 02:41:31.897122+00:00,2022-03-16 02:41:31.897133+00:00,,[Mg]OCC[Mg],,,,,,13636.0,,,,,PEO\n
251,l1,,2022-03-16 02:41:31.898935+00:00,2022-03-16 02:41:31.898945+00:00,,FB(F)F,,,,,1.0,1.0,,,,,BF3\n
252,l2,,2022-03-16 02:41:31.900752+00:00,2022-03-16 02:41:31.900762+00:00,,CCOCC,,,,,1.0,1.0,,,,,OEt2\n396
253,li_cl,,2022-03-16 02:41:31.902556+00:00,2022-03-16 02:41:31.902567+00:00,,[Cl-],,,,,1.0,1.0,,,,,li_cl\n
294,m-Xylene,,2022-03-16 02:41:31.977410+00:00,2022-03-16 02:41:31.977421+00:00,,CC1=CC(C)=CC=C1,,,,,1.0,1.0,,,,,m-Xylene\n
282,m1,,2022-03-16 02:41:31.955318+00:00,2022-03-16 02:41:31.955329+00:00,,O=C1OCCO1,,,,,1.0,1.0,,,,,EC\n
310,nedo2_26OMe,,2022-03-16 02:41:32.006445+00:00,2022-03-16 02:41:32.006456+00:00,,COc1cccc(OC)c1NC(=O)c2ccc(C([Mg])C[Mg])cc2,,,,,,,,,,,nedo2_26OMe\n
311,nedo2_2OMe,,2022-03-16 02:41:32.008249+00:00,2022-03-16 02:41:32.008260+00:00,,COc1ccccc1NC(=O)c2ccc(C([Mg])C[Mg])cc2,,,,,,,,,,,nedo2_2OMe\n
312,nedo2_2Py,,2022-03-16 02:41:32.010046+00:00,2022-03-16 02:41:32.010056+00:00,,O=C(Nc1ccccn1)c2ccc(C([Mg])C[Mg])cc2,,,,,,,,,,,nedo2_2Py\n
313,nedo2_2Pyrim,,2022-03-16 02:41:32.011851+00:00,2022-03-16 02:41:32.011862+00:00,,O=C(Nc1ncccn1)c2ccc(C([Mg])C[Mg])cc2,,,,,,,,,,,nedo2_2Pyrim\n
314,nedo2_2SMe,,2022-03-16 02:41:32.013646+00:00,2022-03-16 02:41:32.013657+00:00,,CSc1ccccc1NC(=O)c2ccc(C([Mg])C[Mg])cc2,,,,,,,,,,,nedo2_2SMe\n
315,nedo2_3Py,,2022-03-16 02:41:32.015479+00:00,2022-03-16 02:41:32.015490+00:00,,O=C(Nc1cccnc1)c2ccc(C([Mg])C[Mg])cc2,,,,,,,,,,,nedo2_3Py\n
316,nedo2_4Py,,2022-03-16 02:41:32.017275+00:00,2022-03-16 02:41:32.017286+00:00,,O=C(Nc1ccncc1)c2ccc(C([Mg])C[Mg])cc2,,,,,,,,,,,nedo2_4Py\n
317,nedo4_ref3_A9,,2022-03-16 02:41:32.019073+00:00,2022-03-16 02:41:32.019084+00:00,,[Ca]O[Al](O[Ca])O[Ca].[Mg]OCC[Mg],27/1,,,,,,star,,,,nedo4_ref3_A9\n
318,nedo4_ref3_B9,,2022-03-16 02:41:32.020888+00:00,2022-03-16 02:41:32.020899+00:00,,[Mg]OCC[Mg].[Ca]OB(O[Ca])O[Ca],27/1,,,,,,star,,,,nedo4_ref3_B9\n
320,nedo4_ref3_P11,,2022-03-16 02:41:32.024528+00:00,2022-03-16 02:41:32.024539+00:00,,[Mg]OCC[Mg],,,,,,11.0,,,,,nedo4_ref3_P11\n
319,nedo4_ref3_matrix,,2022-03-16 02:41:32.022700+00:00,2022-03-16 02:41:32.022711+00:00,,[Mg]OCC[Mg].CC(C[Mg])(C(O[Ca])=O)[Mg].O=C(C([Mg])(C[Mg])C)OCC[Ca],21/2/1,,,,,,random_comb,,,,nedo4_ref3_matrix\n
321,nedo4_ref3_pde600,,2022-03-16 02:41:32.026327+00:00,2022-03-16 02:41:32.026337+00:00,,[Mg]OCC[Mg].CC(C[Mg])(C(O[Ca])=O)[Mg].O=C(C([Mg])(C[Mg])C)OCC[Ca],12/1/1,,,,,,comb,,,,nedo4_ref3_pde600\n
322,nedo4_ref3_pme400,,2022-03-16 02:41:32.028140+00:00,2022-03-16 02:41:32.028151+00:00,,[Mg]OCC[Mg].[Ca]OC(C([Mg])(C[Mg])C)=O,9/1,,,,,,comb,,,,nedo4_ref3_pme400\n
324,o-Xylene,,2022-03-16 02:41:32.031749+00:00,2022-03-16 02:41:32.031760+00:00,,CC1=CC=CC=C1C,,,,,1.0,1.0,,,,,o-Xylene\n
331,peo3e+5,,2022-03-16 02:41:32.044402+00:00,2022-03-16 02:41:32.044413+00:00,,[Mg]OCC[Mg],,,300000.0,,,,,,,,peo3e+5\nAlfa Aesar 42237
336,pol_s116,,2022-03-16 02:41:32.053547+00:00,2022-03-16 02:41:32.053558+00:00,,[Mg]C(C(O1)=O)C(CCC[Mg])C1=O.[Mg]C(C(N2C3=CC=C(S([N-]S(C4=CC=C(C(F)(F)F)C=C4)(=O)=O)(=O)=O)C=C3)=O)C(CCC[Mg])C2=O,46/54,,,,,1830.0,random,,,,pol_s116\n
337,pol_s39,,2022-03-16 02:41:32.055391+00:00,2022-03-16 02:41:32.055402+00:00,,[Mg]CC(C)(C(O[Ca])=O)[Mg].[Mg]CC(C)(C(OC1=CC=CC=C1)=O)[Mg].[Mg]CCO[Mg],,109/272/396,,47830.0,1.22,,comb_block,,,,109/272/396\n
338,pol_s40_43,,2022-03-16 02:41:32.057253+00:00,2022-03-16 02:41:32.057265+00:00,,[Mg]C(C(O[Ca])=O)(C)C[Mg].[Mg]C(C(OC)=O)(C)C[Mg].[Mg]OCC[Mg],,7.6/57/35.4,,76400.0,1.17,,,,,,pol_s40_43\n
339,pol_s40_48,,2022-03-16 02:41:32.059101+00:00,2022-03-16 02:41:32.059112+00:00,,[Mg]C(C(O[Ca])=O)(C)C[Mg].[Mg]C(C(OC)=O)(C)C[Mg].[Mg]OCC[Mg],,8.5/52/39.5,,68900.0,1.15,,,,,,pol_s40_48\n
340,pol_s40_60,,2022-03-16 02:41:32.060949+00:00,2022-03-16 02:41:32.060960+00:00,,[Mg]C(C(O[Ca])=O)(C)C[Mg].[Mg]C(C(OC)=O)(C)C[Mg].[Mg]OCC[Mg],,11/40/49,,55510.0,1.21,,,,,,pol_s40_60\n
341,pol_s40_69,,2022-03-16 02:41:32.062797+00:00,2022-03-16 02:41:32.062808+00:00,,[Mg]C(C(O[Ca])=O)(C)C[Mg].[Mg]C(C(OC)=O)(C)C[Mg].[Mg]OCC[Mg],,12/31/57,,48300.0,1.13,,,,,,pol_s40_69\n
342,pol_s40_75,,2022-03-16 02:41:32.064646+00:00,2022-03-16 02:41:32.064658+00:00,,[Mg]C(C(O[Ca])=O)(C)C[Mg].[Mg]C(C(OC)=O)(C)C[Mg].[Mg]OCC[Mg],,13/25/62,,44194.0,1.13,,,,,,pol_s40_75\n
343,pol_s52_1,,2022-03-16 02:41:32.066480+00:00,2022-03-16 02:41:32.066491+00:00,,[Mg]C(OCCCCC[Mg])=O,,,,24390.0,1.86,,,,,,pol_s52_1\n
344,pol_s52_2,,2022-03-16 02:41:32.068325+00:00,2022-03-16 02:41:32.068336+00:00,,[Mg]C(OCCCCC[Mg])=O.[Mg]C(C1=CC=CC=C1)C[Mg],,2.48/2.43,,49151.0,1.43,,comb_block,,,,pol_s52_2\n
345,pol_s52_3,,2022-03-16 02:41:32.070160+00:00,2022-03-16 02:41:32.070172+00:00,,[Mg]C(OCCCCC[Mg])=O.[Mg]C(C1=CC=CC=C1)C[Mg].O=C(OCCC[Mg])O[Mg],,69.8/23.2/7,,51210.0,2.33,,comb_block,,,,pol_s52_3\n
353,s1,,2022-03-16 02:41:32.084822+00:00,2022-03-16 02:41:32.084833+00:00,,O=Cl(=O)([O-])=O,,,,,1.0,1.0,,,,,ClO4\n
354,s152-A,,2022-03-16 02:41:32.086646+00:00,2022-03-16 02:41:32.086657+00:00,,[Mg]CCC1C(N([Ca])C(C1[Mg])=O)=O.[Mg]C(C)CO[Mg].[Mg]CCO[Mg],1/10/31,,,,,,comb,,,,M-2070\n
355,s152-B,,2022-03-16 02:41:32.088477+00:00,2022-03-16 02:41:32.088488+00:00,,[Mg]CCC1C(N([Ca])C(C1[Mg])=O)=O.[Mg]C(C)CO[Mg].[Mg]CCO[Mg],1/3/19,,,,,,comb,,,,M-1000\n
356,s152-C,,2022-03-16 02:41:32.090297+00:00,2022-03-16 02:41:32.090307+00:00,,[Mg]CCC1C(N([Ca])C(C1[Mg])=O)=O.[Mg]C(C)CO[Mg].[Mg]CCO[Mg],1/9/1,,,,,,comb,,,,M-600\n
357,s2,,2022-03-16 02:41:32.092123+00:00,2022-03-16 02:41:32.092134+00:00,,F[B-](F)(F)F,,,,,1.0,1.0,,,,,BF4\n
358,s3,,2022-03-16 02:41:32.093942+00:00,2022-03-16 02:41:32.093953+00:00,,O=S(C(F)(F)F)([O-])=O,,,,,1.0,1.0,,,,,CF3SO3\n
359,s3-01,,2022-03-16 02:41:32.095776+00:00,2022-03-16 02:41:32.095787+00:00,,Fc4c(F)c(F)c(S[B-](Sc1c(F)c(F)c(F)c(F)c1F)(Sc2c(F)c(F)c(F)c(F)c2F)Sc3c(F)c(F)c(F)c(F)c3F)c(F)c4F,,,,,1.0,1.0,,,,,TPSB-\n
360,s3-04,,2022-03-16 02:41:32.097610+00:00,2022-03-16 02:41:32.097620+00:00,,[Mg]OCC[Mg].[Ca]OC(C([Mg])(C[Mg])C)=O,4/1,,,,,,comb,,,,PEGM\n
361,s3-2,,2022-03-16 02:41:32.099444+00:00,2022-03-16 02:41:32.099455+00:00,,Fc4c(F)c(F)c(O[B-](Oc1c(F)c(F)c(F)c(F)c1F)(Oc2c(F)c(F)c(F)c(F)c2F)Oc3c(F)c(F)c(F)c(F)c3F)c(F)c4F,,,,,1.0,1.0,,,,,TPOB-\n
362,s3-3,,2022-03-16 02:41:32.101284+00:00,2022-03-16 02:41:32.101295+00:00,,[Mg]OCC[Mg],,,,1000.0,,,,,,,PEGDME\nwithout endgroup
363,s3-5,,2022-03-16 02:41:32.103127+00:00,2022-03-16 02:41:32.103138+00:00,,C(F)(F)(F)S(=O)(=O)[O-],,,156.0,,1.0,1.0,,,,,Lithium Trifluoromethanesulfonate (Lithium triflate)\n
364,s4,,2022-03-16 02:41:32.104954+00:00,2022-03-16 02:41:32.104964+00:00,,F[P-](F)(F)(F)(F)F,,,,,1.0,1.0,,,,,PF6\n
365,s5,,2022-03-16 02:41:32.106764+00:00,2022-03-16 02:41:32.106775+00:00,,O=S(C(F)(F)F)([N-]S(C(F)(F)F)(=O)=O)=O,,,,,1.0,1.0,,,,,TFSI\n
366,s6,,2022-03-16 02:41:32.108583+00:00,2022-03-16 02:41:32.108594+00:00,,O=S(F)([N-]S(F)(=O)=O)=O,,,,,1.0,1.0,,,,,fsi\n
367,sk1,,2022-03-16 02:41:32.110392+00:00,2022-03-16 02:41:32.110403+00:00,,[Mg]OCC[Mg],,,,,,181611.8047673099,,,,,peo8000000\n
368,sk10,,2022-03-16 02:41:32.112223+00:00,2022-03-16 02:41:32.112233+00:00,,[Mg]OCC[Mg].[Mg]SCC[Mg],6/2,,,,,30.0,block_block,,,,peo-pes\nno note for mw
369,sk11,,2022-03-16 02:41:32.114055+00:00,2022-03-16 02:41:32.114066+00:00,,[Mg]OCC[Mg].[Mg]S(CCOCCOCCS(CC[Mg])=O)=O,4/1,,,,,30.0,block_block,,,,peo-pes\n
370,sk12,,2022-03-16 02:41:32.115888+00:00,2022-03-16 02:41:32.115898+00:00,,CCC(CO[Mg])(C(NC(COCCC#N)(COCCC#N)COCCC#N)=O)C[Mg],,,,,,10.0,,,,,cn-ox\n
371,sk13,,2022-03-16 02:41:32.117701+00:00,2022-03-16 02:41:32.117711+00:00,,CCC(CO[Mg])(COCCC#N)C[Mg],,,,,,51.0,,,,,cn-ox\n
372,sk2,,2022-03-16 02:41:32.119551+00:00,2022-03-16 02:41:32.119562+00:00,,[Mg]SCC[Mg].[Mg]OCCCCOCC[Mg],2/1,,,,1.6,31.0,block_block,,,,peo-pes\n
373,sk3,,2022-03-16 02:41:32.121420+00:00,2022-03-16 02:41:32.121431+00:00,,[Mg]CCOCCCCO[Mg].[Mg]SCCCCSCC[Mg],1/1,,,,2.0,33.0,block_block,,,,peo-pes\n
374,sk4,,2022-03-16 02:41:32.123262+00:00,2022-03-16 02:41:32.123273+00:00,,[Mg]OCCCCOCC[Mg].[Mg]SCCCCCCSCC[Mg],1/1,,,,2.1,38.0,block_block,,,,peo-pes\n
375,sk5,,2022-03-16 02:41:32.125100+00:00,2022-03-16 02:41:32.125111+00:00,,[Mg]OCCCCOCC[Mg].[Mg]SCCCCCCCCSCC[Mg],1/1,,,,1.8,41.0,block_block,,,,peo-pes\n
376,sk6,,2022-03-16 02:41:32.126939+00:00,2022-03-16 02:41:32.126950+00:00,,[Mg]OCC[Mg].[Mg]SCC[Mg],3/2,,,,1.7,47.0,block_block,,,,peo-pes\n
377,sk7,,2022-03-16 02:41:32.128819+00:00,2022-03-16 02:41:32.128831+00:00,,[Mg]S(CSCCSCC[Mg])=O.[Mg]OCC[Mg],1/3,,,,1.7,39.0,block_block,,,,peo-pes\n
378,sk8,,2022-03-16 02:41:32.130681+00:00,2022-03-16 02:41:32.130692+00:00,,[Mg]OCC[Mg].[Mg]SCC[Mg],4/2,,,,1.7,36.0,block_block,,,,peo-pes\n
379,sk9,,2022-03-16 02:41:32.132539+00:00,2022-03-16 02:41:32.132550+00:00,,[Mg]OCC[Mg].[Mg]SCC[Mg],4/3,,,,1.6,26.0,block_block,,,,peo-pes\n
380,skn1,,2022-03-16 02:41:32.134388+00:00,2022-03-16 02:41:32.134399+00:00,,O=S(C1=CC=C(C=C1)C([Mg])C[Mg])([N-]S(=O)(C(F)(F)F)=O)=O.[Mg]C(C[Mg])C(O[Ca])=O.[Mg]OCC[Mg],0.432/0.135/1.08,,,,1.05,,random_comb,,,,Li[PSTFSI-co-MPEGA]\n
381,skn10,,2022-03-16 02:41:32.136220+00:00,2022-03-16 02:41:32.136230+00:00,,[Mg][B-](OC(C(C(C(C(O[Mg])=O)(F)F)(F)F)(F)F)=O)(O[Ca])O[Ca].[Mg]OCC[Mg],1/6,,,,,,comb,,,,B-PEG\n
382,skn11,,2022-03-16 02:41:32.138031+00:00,2022-03-16 02:41:32.138041+00:00,,[Mg][B-](OC(C(C(C(C(O[Mg])=O)(F)F)(F)F)(F)F)=O)(O[Ca])O[Ca].[Mg]OCC[Mg],0.06097561/0.87804878,,,,,,comb,,,,B-PEG\n
383,skn12,,2022-03-16 02:41:32.139843+00:00,2022-03-16 02:41:32.139854+00:00,,[Mg][B-](OC(C(C(C(C(O[Mg])=O)(F)F)(F)F)(F)F)=O)(O[Ca])O[Ca].[Mg]OCC[Mg],0.0390625/0.921875,,,,,,comb,,,,B-PEG\n
384,skn13,,2022-03-16 02:41:32.141653+00:00,2022-03-16 02:41:32.141664+00:00,,[Mg][B-](O[Ca])(O[Ca])OC(CCCC(O[Mg])=O)=O.[Mg]OCC[Mg],0.0390625/0.921875,,,,,,comb,,,,B2-PEG\n
385,skn14,,2022-03-16 02:41:32.143544+00:00,2022-03-16 02:41:32.143556+00:00,,[Mg]CC(C1=CC=C(S([N-]S(C(F)(F)F)(=O)=O)(=O)=O)C=C1)[Mg].[Mg]OCC[Mg],,5/2,10710.0,7000.0,1.53,,block,,,,PSLiTFSI-b-PEO5000\n
386,skn15,,2022-03-16 02:41:32.145422+00:00,2022-03-16 02:41:32.145433+00:00,,[Mg]CC(C1=CC=C(S([N-]S(C(F)(F)F)(=O)=O)(=O)=O)C=C1)[Mg].[Mg]OCC[Mg],,5/3.2,10578.0,8200.0,1.29,,block,,,,PSLiTFSI-b-PEO5000\n
387,skn16,,2022-03-16 02:41:32.147287+00:00,2022-03-16 02:41:32.147298+00:00,,[Mg]CC(C1=CC=C(S([N-]S(C(F)(F)F)(=O)=O)(=O)=O)C=C1)[Mg].[Mg]OCC[Mg],,5/4,11340.0,9000.0,1.26,,block,,,,PSLiTFSI-b-PEO5000\n
388,skn17,,2022-03-16 02:41:32.149152+00:00,2022-03-16 02:41:32.149163+00:00,,[Mg]CC(C1=CC=C(S([N-]S(C(F)(F)F)(=O)=O)(=O)=O)C=C1)[Mg].[Mg]OCC[Mg],,5/5.4,11374.0,9400.0,1.21,,block,,,,PSLiTFSI-b-PEO5000\n
389,skn18,,2022-03-16 02:41:32.151033+00:00,2022-03-16 02:41:32.151044+00:00,,[Mg]CC(C1=CC=C(S([N-]S(C(F)(F)F)(=O)=O)(=O)=O)C=C1)[Mg].[Mg]OCC[Mg],,5/7.2,15250.0,12200.0,1.25,,block,,,,PSLiTFSI-b-PEO5000\n
390,skn19,,2022-03-16 02:41:32.152913+00:00,2022-03-16 02:41:32.152924+00:00,,[Mg]CC(C1=CC=C(S([N-]S(C(F)(F)F)(=O)=O)(=O)=O)C=C1)[Mg].[Mg]OCC[Mg],,5/7.5,14750.0,12500.0,1.18,,block,,,,PSLiTFSI-b-PEO5000\n
391,skn2,,2022-03-16 02:41:32.154807+00:00,2022-03-16 02:41:32.154819+00:00,,[Mg]C(C[Mg])C(O[Ca])=O.O=S(C1=CC=C(C=C1)C([Mg])C[Mg])([N-]S(=O)(C(F)(F)F)=O)=O.[Mg]OCC[Mg],0.325/0.3368/2.6,,25300.0,25049.504950495048,1.01,,random_comb,,,,Li[PSTFSI-co-MPEGA]\n
392,skn20,,2022-03-16 02:41:32.156678+00:00,2022-03-16 02:41:32.156689+00:00,,[Mg]C(C[Mg])(C(OCCCS(=O)([N-]S(=O)(C(F)(F)F)=O)=O)=O)C.[Mg]OCC[Mg],,6/35,65934.0,40700.0,1.62,,block,,,,poly tfsi-b-peo-b-poly tfsi\n
393,skn21,,2022-03-16 02:41:32.158552+00:00,2022-03-16 02:41:32.158563+00:00,,[Mg]C(C[Mg])(C(OCCCS(=O)([N-]S(=O)(C(F)(F)F)=O)=O)=O)C.[Mg]OCC[Mg],,12/35,61628.0,43400.0,1.42,,block,,,,poly tfsi-b-peo-b-poly tfsi\n
394,skn22,,2022-03-16 02:41:32.160427+00:00,2022-03-16 02:41:32.160439+00:00,,[Mg]C(C[Mg])(C(OCCCS(=O)([N-]S(=O)(C(F)(F)F)=O)=O)=O)C.[Mg]OCC[Mg],,16/35,54635.99999999999,47100.0,1.16,,block,,,,poly tfsi-b-peo-b-poly tfsi\n
395,skn23,,2022-03-16 02:41:32.162281+00:00,2022-03-16 02:41:32.162292+00:00,,[Mg]C(C[Mg])(C(OCCCS(=O)([N-]S(=O)(C(F)(F)F)=O)=O)=O)C.[Mg]OCC[Mg],,22/35,71247.0,56100.0,1.27,,block,,,,poly tfsi-b-peo-b-poly tfsi\n
396,skn24,,2022-03-16 02:41:32.164147+00:00,2022-03-16 02:41:32.164158+00:00,,[Mg]C(C[Mg])(C(OCCCS(=O)([N-]S(=O)(C(F)(F)F)=O)=O)=O)C.[Mg]OCC[Mg],,26/35,92678.0,62200.0,1.49,,block,,,,poly tfsi-b-peo-b-poly tfsi\n
397,skn25,,2022-03-16 02:41:32.166005+00:00,2022-03-16 02:41:32.166016+00:00,,[Mg]OCC[Mg].[Mg]C(NCC1(CC(CC(C)(C1)C)NC(OCC(C(OCCCS(=O)([N-]S(=O)(C(F)(F)F)=O)=O)=O)(CO[Mg])C)=O)C)=O.[Mg]C(NCC2(CC(CC(C)(C2)C)NC(OCC[Mg])=O)C)=O,10.73/0.175/0.825,,3696.0,2800.0,1.32,,block_block,,,,PEO600 urethane1-Urethane TFSI1\n
398,skn26,,2022-03-16 02:41:32.167884+00:00,2022-03-16 02:41:32.167895+00:00,,[Mg]OCC[Mg].[Mg]C(NCC1(CC(CC(C)(C1)C)NC(OCC(C(OCCCS(=O)([N-]S(=O)(C(F)(F)F)=O)=O)=O)(CO[Mg])C)=O)C)=O.[Mg]C(NCC2(CC(CC(C)(C2)C)NC(OCC[Mg])=O)C)=O,0.41/1.59/20.7,,5320.0,4000.0,1.33,,block_block,,,,PEO600 urethane1-Urethane TFSI1\n
399,skn27,,2022-03-16 02:41:32.169753+00:00,2022-03-16 02:41:32.169764+00:00,,[Mg]OCC[Mg].[Mg]C(NCC1(CC(CC(C)(C1)C)NC(OCC(C(OCCCS(=O)([N-]S(=O)(C(F)(F)F)=O)=O)=O)(CO[Mg])C)=O)C)=O.[Mg]C(NCC2(CC(CC(C)(C2)C)NC(OCC[Mg])=O)C)=O,0.5/1.5/19.5,,5670.0,4200.0,1.35,,block_block,,,,PEO600 urethane1-Urethane TFSI1\n
400,skn28,,2022-03-16 02:41:32.171625+00:00,2022-03-16 02:41:32.171636+00:00,,[Mg]OCC[Mg].[Mg]C(NCC1(CC(CC(C)(C1)C)NC(OCC(C(OCCCS(=O)([N-]S(=O)(C(F)(F)F)=O)=O)=O)(CO[Mg])C)=O)C)=O.[Mg]C(NCC2(CC(CC(C)(C2)C)NC(OCC[Mg])=O)C)=O,0.61/1.39/18.07,,7772.000000000001,5800.0,1.34,,block_block,,,,PEO600 urethane1-Urethane TFSI1\n
401,skn29,,2022-03-16 02:41:32.173484+00:00,2022-03-16 02:41:32.173495+00:00,,[Mg]OCC[Mg].[Mg]C(NCC1(CC(CC(C)(C1)C)NC(OCC(C(OCCCS(=O)([N-]S(=O)(C(F)(F)F)=O)=O)=O)(CO[Mg])C)=O)C)=O.[Mg]C(NCC2(CC(CC(C)(C2)C)NC(OCC[Mg])=O)C)=O,0.61/1.39/18.07,,8432.0,6200.0,1.36,,block_block,,,,PEO600 urethane1-Urethane TFSI1\n
402,skn3,,2022-03-16 02:41:32.175355+00:00,2022-03-16 02:41:32.175367+00:00,,O=S(C1=CC=C(C=C1)C([Mg])C[Mg])([N-]S(=O)(C(F)(F)F)=O)=O.[Mg]C(C[Mg])C(O[Ca])=O.[Mg]OCC[Mg],0.23/0.43/3.44,,12400.0,10333.333333333334,1.2,,random_comb,,,,Li[PSTFSI-co-MPEGA]\n
403,skn30,,2022-03-16 02:41:32.177213+00:00,2022-03-16 02:41:32.177224+00:00,,[Mg]OCC[Mg].[Mg][Si](O[Mg])(CCC[N-]S(C(F)(F)F)(=O)=O)C.[Mg][Si](O[Mg])(C[Ca])C,0.61/1.39/18.07,,14382.0,10200.0,1.41,,block_block,,,,PEO600 urethane1-Urethane TFSI1\n
404,skn31,,2022-03-16 02:41:32.179037+00:00,2022-03-16 02:41:32.179047+00:00,,[Mg]OCC[Mg].[Mg][Si](O[Mg])(CCC[N-]S(C(F)(F)F)(=O)=O)C.[Mg][Si](O[Mg])(C[Ca])C,2.224/0.222/0.556,,,,,,random_comb,,,,LiMPSA-r-PMHS-EO\n
405,skn32,,2022-03-16 02:41:32.180841+00:00,2022-03-16 02:41:32.180851+00:00,,[Mg]OCC[Mg].[Mg][Si](O[Mg])(CCC[N-]S(C(F)(F)F)(=O)=O)C.[Mg][Si](O[Mg])(C[Ca])C,2.544/0.182/0.636,,,,,,random_comb,,,,LiMPSA-r-PMHS-EO\n
406,skn33,,2022-03-16 02:41:32.182641+00:00,2022-03-16 02:41:32.182651+00:00,,[Mg]OCC[Mg].[Mg][Si](O[Mg])(CCC[N-]S(C(F)(F)F)(=O)=O)C.[Mg][Si](O[Mg])(C[Ca])C,2.932/0.133/0.733,,,,,,random_comb,,,,LiMPSA-r-PMHS-EO\n
407,skn34,,2022-03-16 02:41:32.184470+00:00,2022-03-16 02:41:32.184480+00:00,,[Mg]OCC[Mg].[Mg][Si](O[Mg])(CCC[N-]S(C(F)(F)F)(=O)=O)C.[Mg][Si](O[Mg])(C[Ca])C,3.06/0.118/0.765,,,,,,random_comb,,,,LiMPSA-r-PMHS-EO\n
408,skn35,,2022-03-16 02:41:32.186269+00:00,2022-03-16 02:41:32.186280+00:00,,[Mg]OCC[Mg].[Mg][Si](O[Mg])(CCC[N-]S(C(F)(F)F)(=O)=O)C.[Mg][Si](O[Mg])(C[Ca])C,3.332/0.083/0.833,,,,,,random_comb,,,,LiMPSA-r-PMHS-EO\n
409,skn36,,2022-03-16 02:41:32.188081+00:00,2022-03-16 02:41:32.188091+00:00,,[Mg]OCC[Mg].[Mg][Si](C[Ca])(C)O[Mg].[Mg][Si](C)(O[Mg])CCCC(F)(C(OC(C(S(=O)([O-])=O)(F)F)(F)F)(F)F)F,3.856/0.964/0.018,,,,,,random_comb,,,,silicone so3 random\n
410,skn37,,2022-03-16 02:41:32.189897+00:00,2022-03-16 02:41:32.189908+00:00,,[Mg]OCC[Mg].[Mg][Si](C[Ca])(C)O[Mg].[Mg][Si](C)(O[Mg])CCCC(F)(C(OC(C(S(=O)([O-])=O)(F)F)(F)F)(F)F)F,3.812/0.953/0.023,,,,,,random_comb,,,,silicone so3 random\n
411,skn38,,2022-03-16 02:41:32.191711+00:00,2022-03-16 02:41:32.191722+00:00,,[Mg]OCC[Mg].[Mg][Si](C[Ca])(C)O[Mg].[Mg][Si](C)(O[Mg])CCCC(F)(C(OC(C(S(=O)([O-])=O)(F)F)(F)F)(F)F)F,3.772/0.943/0.029,,,,,,random_comb,,,,silicone so3 random\n
412,skn39,,2022-03-16 02:41:32.193510+00:00,2022-03-16 02:41:32.193521+00:00,,[Mg]OCC[Mg].[Mg][Si](C[Ca])(C)O[Mg].[Mg][Si](C)(O[Mg])CCCC(F)(C(OC(C(S(=O)([O-])=O)(F)F)(F)F)(F)F)F,3.74/0.935/0.032,,,,,,random_comb,,,,silicone so3 random\n
413,skn4,,2022-03-16 02:41:32.195359+00:00,2022-03-16 02:41:32.195370+00:00,,[Mg]OCC[Mg].[Mg][Si](C)(O[Mg])C[Ca].O=S(C1=CC=C(C=C1)C([Mg])C[Mg])([N-]S(=O)(C(F)(F)F)=O)=O,4.16/0.52/0.24,,24200.0,13988.439306358381,1.73,,random_comb,,,,Li[PSTFSI-co-MPEGA]\n
414,skn40,,2022-03-16 02:41:32.197176+00:00,2022-03-16 02:41:32.197187+00:00,,[Mg]OCC[Mg].[Mg][Si](C[Ca])(C)O[Mg].[Mg][Si](C)(O[Mg])CCCC(F)(C(OC(C(S(=O)([O-])=O)(F)F)(F)F)(F)F)F,3.6/0.9/0.05,,,,,,random_comb,,,,silicone so3 random\n
415,skn41,,2022-03-16 02:41:32.198978+00:00,2022-03-16 02:41:32.198989+00:00,,[Mg]OCC[Mg].[Mg][Si](C[Ca])(C)O[Mg].[Mg][Si](C)(O[Mg])CCCC(F)(C(OC(C(S(=O)([O-])=O)(F)F)(F)F)(F)F)F,3.292/0.823/0.088,,,,,,random_comb,,,,silicone so3 random\n
416,skn42,,2022-03-16 02:41:32.200791+00:00,2022-03-16 02:41:32.200802+00:00,,[Mg]OCC[Mg].[Mg][Si](C[Ca])(C)O[Mg].[Mg][Si](C)(O[Mg])CCCC(F)(C(OC(C(S(=O)([O-])=O)(F)F)(F)F)(F)F)F,3.12/0.78/0.109,,,,,,random_comb,,,,silicone so3 random\n
417,skn43,,2022-03-16 02:41:32.202585+00:00,2022-03-16 02:41:32.202596+00:00,,[Mg]OCC[Mg].[Mg][Si](C[Ca])(C)O[Mg].[Mg][Si](C)(O[Mg])CCCC(F)(C(OC(C(S(=O)([O-])=O)(F)F)(F)F)(F)F)F,2.872/0.718/0.141,,,,,,random_comb,,,,silicone so3 random\n
418,skn44,,2022-03-16 02:41:32.204382+00:00,2022-03-16 02:41:32.204393+00:00,,[Mg][Si](CCC1=CC=C([B-](C3=CC=CC=C3)(C4=CC=CC=C4)C2=CC=CC=C2)C=C1)(O[Mg])C.[Mg][Si](CCCOC(O1)COC1=O)(O[Mg])C,0.95/0.05,,,,,,random,,,,Siloxane borate+borate\n
419,skn45,,2022-03-16 02:41:32.206188+00:00,2022-03-16 02:41:32.206198+00:00,,[Mg][Si](CCC1=CC=C([B-](C3=CC=CC=C3)(C4=CC=CC=C4)C2=CC=CC=C2)C=C1)(O[Mg])C.[Mg][Si](CCCOC(O1)COC1=O)(O[Mg])C,0.92/0.08,,,,,,random,,,,Siloxane borate+borate\n
420,skn46,,2022-03-16 02:41:32.208027+00:00,2022-03-16 02:41:32.208038+00:00,,[Mg][Si](CCC1=CC=C([B-](C3=CC=CC=C3)(C4=CC=CC=C4)C2=CC=CC=C2)C=C1)(O[Mg])C.[Mg][Si](CCCOC(O1)COC1=O)(O[Mg])C,0.9/0.1,,,,,,random,,,,Siloxane borate+borate\n
421,skn47,,2022-03-16 02:41:32.209832+00:00,2022-03-16 02:41:32.209843+00:00,,[Mg][Si](CCOCCOCCOC1=CC=C([B-](C3=CC=CC=C3)(C4=CC=CC=C4)C2=CC=CC=C2)C=C1)(O[Mg])C.[Mg][Si](CCCOC(O1)COC1=O)(O[Mg])C,0.98/0.02,,,,,,random,,,,Siloxane borate+borate\n
422,skn48,,2022-03-16 02:41:32.211641+00:00,2022-03-16 02:41:32.211651+00:00,,[Mg][Si](CCOCCOCCOC1=CC=C([B-](C3=CC=CC=C3)(C4=CC=CC=C4)C2=CC=CC=C2)C=C1)(O[Mg])C.[Mg][Si](CCCOC(O1)COC1=O)(O[Mg])C,0.95/0.05,,,,,,random,,,,Siloxane borate+borate\n
423,skn49,,2022-03-16 02:41:32.213448+00:00,2022-03-16 02:41:32.213459+00:00,,[Mg][Si](CCOCCOCCOC1=C(F)C(F)=C([B-](C3=C(F)C(F)=C(F)C(F)=C3F)(C4=C(F)C(F)=C(F)C(F)=C4F)C2=C(F)C(F)=C(F)C(F)=C2F)C(F)=C1F)(O[Mg])C.[Mg][Si](CCCOC(O1)COC1=O)(O[Mg])C,0.95/0.05,,,,,,random,,,,Siloxane borate+borate\n
424,skn5,,2022-03-16 02:41:32.215317+00:00,2022-03-16 02:41:32.215328+00:00,,[Mg]OCC[Mg].[Mg][Si](C)(O[Mg])C[Ca].O=S(C1=CC=C(C=C1)C([Mg])C[Mg])([N-]S(=O)(C(F)(F)F)=O)=O,4.48/0.56/0.22,,18300.0,11806.451612903225,1.55,,random_comb,,,,Li[PSTFSI-co-MPEGA]\n
425,skn50,,2022-03-16 02:41:32.217184+00:00,2022-03-16 02:41:32.217195+00:00,,[Mg]CC(C1=CC=C(S([N-]S(C(F)(F)F)(=O)=O)(=O)=O)C=C1)[Mg].[Mg]OCC[Mg],,3700/35000,,38700.0,,,block,,,,PSTFSILi-b-PEO-b-PSTFSILi\n
426,skn51,,2022-03-16 02:41:32.219006+00:00,2022-03-16 02:41:32.219017+00:00,,[Mg]CC(C1=CC=C(S([N-]S(C(F)(F)F)(=O)=O)(=O)=O)C=C1)[Mg].[Mg]OCC[Mg],,7200/35000,,42200.0,,,block,,,,PSTFSILi-b-PEO-b-PSTFSILi\n
427,skn52,,2022-03-16 02:41:32.220843+00:00,2022-03-16 02:41:32.220854+00:00,,[Mg]CC(C1=CC=C(S([N-]S(C(F)(F)F)(=O)=O)(=O)=O)C=C1)[Mg].[Mg]OCC[Mg],,9500/35000,,44500.0,,,block,,,,PSTFSILi-b-PEO-b-PSTFSILi\n
428,skn53,,2022-03-16 02:41:32.222690+00:00,2022-03-16 02:41:32.222701+00:00,,[Mg]CC(C1=CC=C(S([N-]S(C(F)(F)F)(=O)=O)(=O)=O)C=C1)[Mg].[Mg]OCC[Mg],,15600/35000,,50600.0,,,block,,,,PSTFSILi-b-PEO-b-PSTFSILi\n
429,skn54,,2022-03-16 02:41:32.224529+00:00,2022-03-16 02:41:32.224539+00:00,,[Mg]CC(C1=CC=C(S([N-]S(C(F)(F)F)(=O)=O)(=O)=O)C=C1)[Mg].[Mg]OCC[Mg],,16400/35000,,61400.0,,,block,,,,PSTFSILi-b-PEO-b-PSTFSILi\n
430,skn6,,2022-03-16 02:41:32.226363+00:00,2022-03-16 02:41:32.226373+00:00,,[Mg]OCC[Mg].[Mg]OC(C)C[Mg],0.68/0.12,,,60000.0,,,random,,,,PEO-r-PPO\n
431,skn8,,2022-03-16 02:41:32.228172+00:00,2022-03-16 02:41:32.228183+00:00,,[Mg][Al-](OC(C(C(C(C(O[Mg])=O)(F)F)(F)F)(F)F)=O)(O[Ca])O[Ca].[Mg]OCC[Mg],0.06097561/0.87804878,,,,,,comb,,,,Al-PEG\n
432,skn9,,2022-03-16 02:41:32.229979+00:00,2022-03-16 02:41:32.229990+00:00,,[Mg][Al-](OC(C(C(C(C(O[Mg])=O)(F)F)(F)F)(F)F)=O)(O[Ca])O[Ca].[Mg]OCC[Mg],0.0390625/0.921875,,,,,,comb,,,,Al-PEG\n
439,t_BC,,2022-03-16 02:41:32.242711+00:00,2022-03-16 02:41:32.242721+00:00,,O=C1OC(C)C(C)O1,,,,,1.0,1.0,,,,,t_BC\n
453,w13,,2022-03-16 02:41:32.268046+00:00,2022-03-16 02:41:32.268057+00:00,,[Mg]OCC[Mg],1,,,,,1363.6363636363637,,,,,peo\n
454,w14,,2022-03-16 02:41:32.269874+00:00,2022-03-16 02:41:32.269885+00:00,,[Mg]C(F)(F)C(F)(F)OC(F)(F)C(F)(F)S([N-]S([Mg])(=O)=O)(=O)=O,1,,,21000.0,,,,,,,PFSI\n
455,w29,,2022-03-16 02:41:32.271690+00:00,2022-03-16 02:41:32.271701+00:00,,[Mg]OCC[Mg],,,,,,,,,,,PEG600\n
